ra,batch,batch_path,image,image_path,title,google,identifiable,diversity_none,diversity_bipoc,diversity_non_cis_man,diversity_lgbq,diversity_non_christian,diversity_disabled,diversity_other,diversity_ambiguous
Emily,Batch 1 training set,../coded-books/Emily\Batch 1 training set,user1433_1806_book_6_9.jpg,../coded-books/Emily\Batch 1 training set\user1433_1806_book_6_9.jpg,divergent,https://www.google.com/books/edition/Divergent/-TUinwEACAAJ?hl=en,yes,True,False,False,False,False,False,False,False
Nicole Stern,Batch 1 training set,../coded-books/Nicole Stern\Batch 1 training set,user1433_1806_book_6_9.jpg,../coded-books/Nicole Stern\Batch 1 training set\user1433_1806_book_6_9.jpg,divergent,https://www.google.com/books/edition/Divergent_Series_Ultimate_Four_Book_Coll/tTMGAwAAQBAJ?hl=en&gbpv=1&dq=Divergent&printsec=frontcover,yes,True,False,False,False,False,False,False,False
Sabrina,Batch 1 training set,../coded-books/Sabrina\Batch 1 training set,user1433_1806_book_6_9.jpg,../coded-books/Sabrina\Batch 1 training set\user1433_1806_book_6_9.jpg,divergent,https://www.google.com/books/edition/Divergent_Divergent_Trilogy_Book_1/OX8lAAAAQBAJ?hl=en,yes,True,False,False,False,False,False,False,False
Stephanie,Batch 1 training set,../coded-books/Stephanie\Batch 1 training set,user1433_1806_book_6_9.jpg,../coded-books/Stephanie\Batch 1 training set\user1433_1806_book_6_9.jpg,divergent,https://www.google.com/books/edition/Divergent_Collector_s_Edition/hftzAwAAQBAJ?hl=en&gbpv=1&dq=divergent&printsec=frontcover,yes,True,False,False,False,False,False,False,False
Emily,Batch 34,../coded-books/Emily\Batch 34,user1433_1806_book_6_9.jpg,../coded-books/Emily\Batch 34\user1433_1806_book_6_9.jpg,divergent,https://www.google.com/books/edition/Divergent/p1D3oAEACAAJ?hl=en,yes,True,False,False,False,False,False,False,False
Emily,Batch 1 training set,../coded-books/Emily\Batch 1 training set,user1436_577_book_1_5.jpg,../coded-books/Emily\Batch 1 training set\user1436_577_book_1_5.jpg,pete the cat: five little pumpkins,https://www.google.com/books/edition/Pete_the_Cat_Five_Little_Pumpkins/zLOiBgAAQBAJ?hl=en&gbpv=1&dq=pete+the+cat+halloween&printsec=frontcover,yes,True,False,False,False,False,False,False,False
Nicole Stern,Batch 1 training set,../coded-books/Nicole Stern\Batch 1 training set,user1436_577_book_1_5.jpg,../coded-books/Nicole Stern\Batch 1 training set\user1436_577_book_1_5.jpg,pat le chat: cinq petites citrouilles,https://www.google.com/books/edition/Cinq_Petites_Citrouilles/W-8DkAEACAAJ?hl=en,with info sidebar,True,False,False,False,False,False,False,False
Sabrina,Batch 1 training set,../coded-books/Sabrina\Batch 1 training set,user1436_577_book_1_5.jpg,../coded-books/Sabrina\Batch 1 training set\user1436_577_book_1_5.jpg,pete the cat five little pumpkins,https://www.google.com/books/edition/Pete_the_Cat_Five_Little_Pumpkins/rxzAoQEACAAJ?hl=en,with detective work,True,False,False,False,False,False,False,False
Stephanie,Batch 1 training set,../coded-books/Stephanie\Batch 1 training set,user1436_577_book_1_5.jpg,../coded-books/Stephanie\Batch 1 training set\user1436_577_book_1_5.jpg,pete the cat: five little pumpkins,https://www.google.com/books/edition/Pete_the_Cat_Five_Little_Pumpkins/zLOiBgAAQBAJ?hl=en&gbpv=1&dq=Pete+the+Cat:+five+little+pumpkins&printsec=frontcover,yes,True,False,False,False,False,False,False,False
Emily,Batch 8,../coded-books/Emily\Batch 8,user1436_577_book_1_5.jpg,../coded-books/Emily\Batch 8\user1436_577_book_1_5.jpg,pete the cat: five little pumpkins,https://www.google.com/books/edition/Pete_the_Cat_Five_Little_Pumpkins/rxzAoQEACAAJ?hl=en,yes,True,False,False,False,False,False,False,False
Emily,Batch 1 training set,../coded-books/Emily\Batch 1 training set,user1446_3066_book_15_18.jpg,../coded-books/Emily\Batch 1 training set\user1446_3066_book_15_18.jpg,power forward,https://www.google.com/books/edition/Power_Forward/lsHvDwAAQBAJ?hl=en&gbpv=1&dq=power+forward&printsec=frontcover,yes,False,True,False,False,False,False,False,False
Nicole Stern,Batch 1 training set,../coded-books/Nicole Stern\Batch 1 training set,user1446_3066_book_15_18.jpg,../coded-books/Nicole Stern\Batch 1 training set\user1446_3066_book_15_18.jpg,power forward: zayo saleem chasing the dream,https://www.google.com/books/edition/Power_Forward/lsHvDwAAQBAJ?hl=en&gbpv=0,with info sidebar,True,False,False,False,False,False,False,False
Sabrina,Batch 1 training set,../coded-books/Sabrina\Batch 1 training set,user1446_3066_book_15_18.jpg,../coded-books/Sabrina\Batch 1 training set\user1446_3066_book_15_18.jpg,power forward,https://www.google.com/books/edition/Power_Forward/lsHvDwAAQBAJ?hl=en&gbpv=1&dq=power+forward&printsec=frontcover,yes,False,True,False,False,True,False,False,False
Stephanie,Batch 1 training set,../coded-books/Stephanie\Batch 1 training set,user1446_3066_book_15_18.jpg,../coded-books/Stephanie\Batch 1 training set\user1446_3066_book_15_18.jpg,power forward,https://www.google.com/books/edition/Power_Forward/lsHvDwAAQBAJ?hl=en&gbpv=1&dq=power+forward&printsec=frontcover,yes,False,True,False,False,False,False,False,False
Nicole Stern,Batch 20,../coded-books/Nicole Stern\Batch 20,user1446_3066_book_15_18.jpg,../coded-books/Nicole Stern\Batch 20\user1446_3066_book_15_18.jpg,power forward,https://www.google.com/books/edition/Power_Forward/lsHvDwAAQBAJ?hl=en&gbpv=0,yes,False,True,False,False,False,False,False,False
Emily,Batch 1 training set,../coded-books/Emily\Batch 1 training set,user1446_3066_book_3_6.jpg,../coded-books/Emily\Batch 1 training set\user1446_3066_book_3_6.jpg,lety out loud,https://www.google.com/books/edition/Lety_Out_Loud/28dxtgEACAAJ?hl=en,yes,False,True,False,False,False,False,False,False
Nicole Stern,Batch 1 training set,../coded-books/Nicole Stern\Batch 1 training set,user1446_3066_book_3_6.jpg,../coded-books/Nicole Stern\Batch 1 training set\user1446_3066_book_3_6.jpg,lety out loud,https://www.google.com/books/edition/Lety_Out_Loud/eLdbDwAAQBAJ?hl=en&gbpv=1&dq=Lety+Out+Loud&printsec=frontcover,yes,False,True,False,False,False,False,False,False
Sabrina,Batch 1 training set,../coded-books/Sabrina\Batch 1 training set,user1446_3066_book_3_6.jpg,../coded-books/Sabrina\Batch 1 training set\user1446_3066_book_3_6.jpg,lety outloud,https://www.google.com/books/edition/Lety_Out_Loud/eLdbDwAAQBAJ?hl=en&gbpv=1&dq=lety+out+loud&printsec=frontcover,yes,False,True,False,False,False,False,False,False
Stephanie,Batch 1 training set,../coded-books/Stephanie\Batch 1 training set,user1446_3066_book_3_6.jpg,../coded-books/Stephanie\Batch 1 training set\user1446_3066_book_3_6.jpg,lety out loud,https://www.google.com/books/edition/Lety_Out_Loud/eLdbDwAAQBAJ?hl=en&gbpv=1&dq=Lety+out+loud&printsec=frontcover,yes,False,False,False,False,False,False,False,False
Stephanie,Batch 15,../coded-books/Stephanie\Batch 15,user1446_3066_book_3_6.jpg,../coded-books/Stephanie\Batch 15\user1446_3066_book_3_6.jpg,lety out loud,https://www.google.com/books/edition/Lety_Out_Loud/eLdbDwAAQBAJ?hl=en&gbpv=1&dq=lety+out+loud&printsec=frontcover,yes,False,True,True,False,False,False,False,False
Emily,Batch 1 training set,../coded-books/Emily\Batch 1 training set,user1484_3082_book_3_6.jpg,../coded-books/Emily\Batch 1 training set\user1484_3082_book_3_6.jpg,smile,https://www.google.com/books/edition/Smile_A_Graphic_Novel/IQ8fAwAAQBAJ?hl=en&gbpv=1&dq=smile&printsec=frontcover,yes,True,False,False,False,False,False,False,False
Nicole Stern,Batch 1 training set,../coded-books/Nicole Stern\Batch 1 training set,user1484_3082_book_3_6.jpg,../coded-books/Nicole Stern\Batch 1 training set\user1484_3082_book_3_6.jpg,smile,https://www.google.com/books/edition/Smile_A_Graphic_Novel/IQ8fAwAAQBAJ?hl=en&gbpv=0,with detective work,True,False,False,False,False,False,False,False
Sabrina,Batch 1 training set,../coded-books/Sabrina\Batch 1 training set,user1484_3082_book_3_6.jpg,../coded-books/Sabrina\Batch 1 training set\user1484_3082_book_3_6.jpg,smile,https://www.google.com/books/edition/Smile_A_Graphic_Novel/IQ8fAwAAQBAJ?hl=en&gbpv=1&dq=smile&printsec=frontcover,with detective work,True,False,False,False,False,False,False,False
Stephanie,Batch 1 training set,../coded-books/Stephanie\Batch 1 training set,user1484_3082_book_3_6.jpg,../coded-books/Stephanie\Batch 1 training set\user1484_3082_book_3_6.jpg,smile,https://www.google.com/books/edition/Smile_A_Graphic_Novel/IQ8fAwAAQBAJ?hl=en&gbpv=1&dq=Smile&printsec=frontcover,yes,True,False,False,False,False,False,False,False
Sabrina,Batch 18,../coded-books/Sabrina\Batch 18,user1484_3082_book_3_6.jpg,../coded-books/Sabrina\Batch 18\user1484_3082_book_3_6.jpg,smile,https://www.google.com/books/edition/Smile_A_Graphic_Novel/IQ8fAwAAQBAJ?hl=en&gbpv=1&dq=Smile&printsec=frontcover,yes,True,False,False,False,False,False,False,False
Emily,Batch 1 training set,../coded-books/Emily\Batch 1 training set,user1492_1233_book_1_5.jpg,../coded-books/Emily\Batch 1 training set\user1492_1233_book_1_5.jpg,the great fire,https://www.google.com/books/edition/The_Great_Fire/S9S-CwAAQBAJ?hl=en&gbpv=1&dq=the+great+fire&printsec=frontcover,yes,True,False,False,False,False,False,False,False
Nicole Stern,Batch 1 training set,../coded-books/Nicole Stern\Batch 1 training set,user1492_1233_book_1_5.jpg,../coded-books/Nicole Stern\Batch 1 training set\user1492_1233_book_1_5.jpg,the great fire,https://www.google.com/books/edition/The_Great_Fire/S9S-CwAAQBAJ?hl=en&gbpv=0,with info sidebar,True,False,False,False,False,False,False,False
Sabrina,Batch 1 training set,../coded-books/Sabrina\Batch 1 training set,user1492_1233_book_1_5.jpg,../coded-books/Sabrina\Batch 1 training set\user1492_1233_book_1_5.jpg,the great fire,https://www.google.com/books/edition/The_Great_Fire/S9S-CwAAQBAJ?hl=en&gbpv=1&dq=the+great+fire&printsec=frontcover,yes,True,False,False,False,False,False,False,False
Stephanie,Batch 1 training set,../coded-books/Stephanie\Batch 1 training set,user1492_1233_book_1_5.jpg,../coded-books/Stephanie\Batch 1 training set\user1492_1233_book_1_5.jpg,the great fire,https://www.google.com/books/edition/The_Great_Fire/S9S-CwAAQBAJ?hl=en&gbpv=1&dq=the+great+fire&printsec=frontcover,yes,True,False,False,False,False,False,False,False
Nicole Stern,Batch 20,../coded-books/Nicole Stern\Batch 20,user1492_1233_book_1_5.jpg,../coded-books/Nicole Stern\Batch 20\user1492_1233_book_1_5.jpg,the great fire,https://www.google.com/books/edition/The_Great_Fire/S9S-CwAAQBAJ?hl=en&gbpv=0,yes,True,False,False,False,False,False,False,False
Emily,Batch 1 training set,../coded-books/Emily\Batch 1 training set,user1505_3084_book_4_6.jpg,../coded-books/Emily\Batch 1 training set\user1505_3084_book_4_6.jpg,big nate: in a class by himself,https://www.google.com/books/edition/Big_Nate_In_a_Class_by_Himself/j_m8oAEACAAJ?hl=en,yes,True,False,False,False,False,False,False,False
Nicole Stern,Batch 1 training set,../coded-books/Nicole Stern\Batch 1 training set,user1505_3084_book_4_6.jpg,../coded-books/Nicole Stern\Batch 1 training set\user1505_3084_book_4_6.jpg,big nate in a class by himself,https://www.google.com/books/edition/Big_Nate_In_a_Class_by_Himself/j_m8oAEACAAJ?hl=en,with info sidebar,True,False,False,False,False,False,False,False
Sabrina,Batch 1 training set,../coded-books/Sabrina\Batch 1 training set,user1505_3084_book_4_6.jpg,../coded-books/Sabrina\Batch 1 training set\user1505_3084_book_4_6.jpg,big nate,https://www.google.com/books/edition/Big_Nate_In_a_Class_by_Himself/j_m8oAEACAAJ?hl=en,yes,True,False,False,False,False,False,False,False
Stephanie,Batch 1 training set,../coded-books/Stephanie\Batch 1 training set,user1505_3084_book_4_6.jpg,../coded-books/Stephanie\Batch 1 training set\user1505_3084_book_4_6.jpg,big nate: in a class by himself,https://www.google.com/books/edition/Big_Nate_Double_Trouble/TjQVtAEACAAJ?hl=en,yes,True,False,False,False,False,False,False,False
Stephanie,Batch 31,../coded-books/Stephanie\Batch 31,user1505_3084_book_4_6.jpg,../coded-books/Stephanie\Batch 31\user1505_3084_book_4_6.jpg,big nate: in a class by himself,https://www.google.com/books/edition/Big_Nate_In_a_Class_by_Himself/j_m8oAEACAAJ?hl=en,with info sidebar,True,False,False,False,False,False,False,False
Emily,Batch 1 training set,../coded-books/Emily\Batch 1 training set,user1521_1842_book_1_3.jpg,../coded-books/Emily\Batch 1 training set\user1521_1842_book_1_3.jpg,clap when you land,https://www.google.com/books/edition/Clap_When_You_Land/42enDwAAQBAJ?hl=en&gbpv=1&dq=clap+when+you+land&printsec=frontcover,yes,False,True,False,False,False,False,False,False
Nicole Stern,Batch 1 training set,../coded-books/Nicole Stern\Batch 1 training set,user1521_1842_book_1_3.jpg,../coded-books/Nicole Stern\Batch 1 training set\user1521_1842_book_1_3.jpg,clap when you land,https://www.google.com/books/edition/Clap_When_You_Land/42enDwAAQBAJ?hl=en&gbpv=0,yes,False,True,False,False,False,False,False,False
Sabrina,Batch 1 training set,../coded-books/Sabrina\Batch 1 training set,user1521_1842_book_1_3.jpg,../coded-books/Sabrina\Batch 1 training set\user1521_1842_book_1_3.jpg,clap when you land,https://www.google.com/books/edition/Clap_When_You_Land/42enDwAAQBAJ?hl=en&gbpv=1&dq=clap+when+you+land&printsec=frontcover,yes,False,True,False,False,False,False,False,False
Stephanie,Batch 1 training set,../coded-books/Stephanie\Batch 1 training set,user1521_1842_book_1_3.jpg,../coded-books/Stephanie\Batch 1 training set\user1521_1842_book_1_3.jpg,clap when you land,https://www.google.com/books/edition/Clap_When_You_Land/42enDwAAQBAJ?hl=en&gbpv=0,yes,False,True,False,False,False,False,False,False
Stephanie,Batch 29,../coded-books/Stephanie\Batch 29,user1521_1842_book_1_3.jpg,../coded-books/Stephanie\Batch 29\user1521_1842_book_1_3.jpg,clap when you land,https://www.google.com/books/edition/Clap_When_You_Land/42enDwAAQBAJ?hl=en&gbpv=1&dq=clap+when+you+land&printsec=frontcover,yes,False,True,True,False,False,False,False,False
Emily,Batch 1 training set,../coded-books/Emily\Batch 1 training set,user1980_3831_book_4_4.jpg,../coded-books/Emily\Batch 1 training set\user1980_3831_book_4_4.jpg,the henna wars,https://www.google.com/books/edition/The_Henna_Wars/WYCoDwAAQBAJ?hl=en&gbpv=0,with detective work,False,True,False,False,False,False,False,False
Nicole Stern,Batch 1 training set,../coded-books/Nicole Stern\Batch 1 training set,user1980_3831_book_4_4.jpg,../coded-books/Nicole Stern\Batch 1 training set\user1980_3831_book_4_4.jpg,the henna wars,https://www.google.com/books/edition/The_Henna_Wars/WYCoDwAAQBAJ?hl=en&gbpv=0,with info sidebar,False,True,False,False,False,False,False,False
Sabrina,Batch 1 training set,../coded-books/Sabrina\Batch 1 training set,user1980_3831_book_4_4.jpg,../coded-books/Sabrina\Batch 1 training set\user1980_3831_book_4_4.jpg,the henna wars,https://www.google.com/books/edition/The_Henna_Wars/WYCoDwAAQBAJ?hl=en&gbpv=1&dq=the+henna+wars&printsec=frontcover,with detective work,False,True,False,False,False,False,False,False
Stephanie,Batch 1 training set,../coded-books/Stephanie\Batch 1 training set,user1980_3831_book_4_4.jpg,../coded-books/Stephanie\Batch 1 training set\user1980_3831_book_4_4.jpg,the henna wars,https://www.google.com/books/edition/The_Henna_Wars/-I8AEAAAQBAJ?hl=en,with detective work,False,True,False,False,False,False,False,False
Stephanie,Batch 15,../coded-books/Stephanie\Batch 15,user1980_3831_book_4_4.jpg,../coded-books/Stephanie\Batch 15\user1980_3831_book_4_4.jpg,the henna wars,https://www.google.com/books/edition/The_Henna_Wars/-I8AEAAAQBAJ?hl=en,yes,False,True,True,False,False,False,False,False
Emily,Batch 1 training set,../coded-books/Emily\Batch 1 training set,user1996_2566_book_2_1.jpg,../coded-books/Emily\Batch 1 training set\user1996_2566_book_2_1.jpg,deadliest animals,https://www.google.com/books/edition/Deadliest_Animals/C4mHAvrsc54C?hl=en&gbpv=1&dq=deadliest+animals&printsec=frontcover,yes,True,False,False,False,False,False,False,False
Nicole Stern,Batch 1 training set,../coded-books/Nicole Stern\Batch 1 training set,user1996_2566_book_2_1.jpg,../coded-books/Nicole Stern\Batch 1 training set\user1996_2566_book_2_1.jpg,deadliest animals,https://www.google.com/books/edition/Deadliest_Animals/C4mHAvrsc54C?hl=en&gbpv=0,yes,True,False,False,False,False,False,False,False
Sabrina,Batch 1 training set,../coded-books/Sabrina\Batch 1 training set,user1996_2566_book_2_1.jpg,../coded-books/Sabrina\Batch 1 training set\user1996_2566_book_2_1.jpg,deadliest animals,https://www.google.com/books/edition/Deadliest_Animals/C4mHAvrsc54C?hl=en&gbpv=1&dq=deadliest+animals&printsec=frontcover,yes,True,False,False,False,False,False,False,False
Stephanie,Batch 1 training set,../coded-books/Stephanie\Batch 1 training set,user1996_2566_book_2_1.jpg,../coded-books/Stephanie\Batch 1 training set\user1996_2566_book_2_1.jpg,deadliest animals,https://www.google.com/books/edition/Deadliest_Animals/C4mHAvrsc54C?hl=en&gbpv=0,yes,True,False,False,False,False,False,False,False
Emily,Batch 23,../coded-books/Emily\Batch 23,user1996_2566_book_2_1.jpg,../coded-books/Emily\Batch 23\user1996_2566_book_2_1.jpg,deadliest animals,https://www.google.com/books/edition/Deadliest_Animals/C4mHAvrsc54C?hl=en&gbpv=1&dq=deadliest+animals&printsec=frontcover,yes,True,False,False,False,False,False,False,False
Emily,Batch 1 training set,../coded-books/Emily\Batch 1 training set,user1996_2567_book_6_6.jpg,../coded-books/Emily\Batch 1 training set\user1996_2567_book_6_6.jpg,we're all wonders,https://www.google.com/books/edition/We_re_All_Wonders/8nZEDQAAQBAJ?hl=en&gbpv=1&dq=we%27re+all+wonders&printsec=frontcover,yes,True,False,False,False,False,False,False,False
Nicole Stern,Batch 1 training set,../coded-books/Nicole Stern\Batch 1 training set,user1996_2567_book_6_6.jpg,../coded-books/Nicole Stern\Batch 1 training set\user1996_2567_book_6_6.jpg,we're all wonders,https://www.google.com/books/edition/We_re_All_Wonders/8nZEDQAAQBAJ?hl=en&gbpv=0,yes,True,False,False,False,False,False,False,False
Sabrina,Batch 1 training set,../coded-books/Sabrina\Batch 1 training set,user1996_2567_book_6_6.jpg,../coded-books/Sabrina\Batch 1 training set\user1996_2567_book_6_6.jpg,we're all wonders,https://www.google.com/books/edition/We_re_All_Wonders/8nZEDQAAQBAJ?hl=en&gbpv=1&dq=we%27re+all+wonders&printsec=frontcover,yes,False,False,False,False,False,False,False,False
Stephanie,Batch 1 training set,../coded-books/Stephanie\Batch 1 training set,user1996_2567_book_6_6.jpg,../coded-books/Stephanie\Batch 1 training set\user1996_2567_book_6_6.jpg,we're all wonders,https://www.google.com/books/edition/We_re_All_Wonders/8nZEDQAAQBAJ?hl=en&gbpv=0,yes,False,False,False,False,False,False,False,False
Stephanie,Batch 28,../coded-books/Stephanie\Batch 28,user1996_2567_book_6_6.jpg,../coded-books/Stephanie\Batch 28\user1996_2567_book_6_6.jpg,we're all wonders,https://www.google.com/books/edition/We_re_All_Wonders/8nZEDQAAQBAJ?hl=en&gbpv=1&dq=were+all+wonders&printsec=frontcover,yes,True,False,False,False,False,False,False,False
Emily,Batch 1 training set,../coded-books/Emily\Batch 1 training set,user1996_2568_book_3_13.jpg,../coded-books/Emily\Batch 1 training set\user1996_2568_book_3_13.jpg,harry potter and the deathly hallows,https://www.google.com/books/edition/Harry_Potter_and_the_Deathly_Hallows/YxhUAQAACAAJ?hl=en,yes,True,False,False,False,False,False,False,False
Nicole Stern,Batch 1 training set,../coded-books/Nicole Stern\Batch 1 training set,user1996_2568_book_3_13.jpg,../coded-books/Nicole Stern\Batch 1 training set\user1996_2568_book_3_13.jpg,harry potter and the deathly hallows,https://www.google.com/books/edition/Harry_Potter_and_the_Deathly_Hallows_Bri/8rMBuwEACAAJ?hl=en,yes,True,False,False,False,False,False,False,False
Sabrina,Batch 1 training set,../coded-books/Sabrina\Batch 1 training set,user1996_2568_book_3_13.jpg,../coded-books/Sabrina\Batch 1 training set\user1996_2568_book_3_13.jpg,harry potter and the deathly hallows,https://www.google.com/books/edition/Harry_Potter_and_the_Deathly_Hallows/YxhUAQAACAAJ?hl=en,yes,True,False,False,False,False,False,False,False
Stephanie,Batch 1 training set,../coded-books/Stephanie\Batch 1 training set,user1996_2568_book_3_13.jpg,../coded-books/Stephanie\Batch 1 training set\user1996_2568_book_3_13.jpg,harry potter and the deathly hallows,https://www.google.com/books/edition/Harry_Potter_and_the_Deathly_Hallows/N6DeDQAAQBAJ?hl=en,yes,True,False,False,False,False,False,False,False
Sabrina,Batch 32,../coded-books/Sabrina\Batch 32,user1996_2568_book_3_13.jpg,../coded-books/Sabrina\Batch 32\user1996_2568_book_3_13.jpg,"harry potter and the deathly hallows
",https://www.google.com/books/edition/Harry_Potter_and_the_Deathly_Hallows/uwh5swEACAAJ?hl=en,yes,True,False,False,False,False,False,False,False
Emily,Batch 1 training set,../coded-books/Emily\Batch 1 training set,user2000_1338_book_2_5.jpg,../coded-books/Emily\Batch 1 training set\user2000_1338_book_2_5.jpg,the day you begin,https://www.google.com/books/edition/The_Day_You_Begin/n2lBDwAAQBAJ?hl=en&gbpv=1&dq=the+day+you+begin&printsec=frontcover,yes,False,True,False,False,False,False,False,False
Nicole Stern,Batch 1 training set,../coded-books/Nicole Stern\Batch 1 training set,user2000_1338_book_2_5.jpg,../coded-books/Nicole Stern\Batch 1 training set\user2000_1338_book_2_5.jpg,the day you begin,https://www.google.com/books/edition/The_Day_You_Begin/n2lBDwAAQBAJ?hl=en&gbpv=0,yes,False,True,False,False,False,False,False,False
Sabrina,Batch 1 training set,../coded-books/Sabrina\Batch 1 training set,user2000_1338_book_2_5.jpg,../coded-books/Sabrina\Batch 1 training set\user2000_1338_book_2_5.jpg,the days you begin,https://www.google.com/books/edition/The_Day_You_Begin/n2lBDwAAQBAJ?hl=en&gbpv=1&dq=the+days+you+begin&printsec=frontcover,yes,False,True,False,False,False,False,False,False
Stephanie,Batch 1 training set,../coded-books/Stephanie\Batch 1 training set,user2000_1338_book_2_5.jpg,../coded-books/Stephanie\Batch 1 training set\user2000_1338_book_2_5.jpg,the day you begin,https://www.google.com/books/edition/The_Day_You_Begin/n2lBDwAAQBAJ?hl=en&gbpv=0,yes,False,True,False,False,False,False,False,False
Sabrina,Batch 32,../coded-books/Sabrina\Batch 32,user2000_1338_book_2_5.jpg,../coded-books/Sabrina\Batch 32\user2000_1338_book_2_5.jpg,,,no,False,False,False,False,False,False,False,False
Emily,Batch 1 training set,../coded-books/Emily\Batch 1 training set,user2000_701_book_2_2.jpg,../coded-books/Emily\Batch 1 training set\user2000_701_book_2_2.jpg,the listening walk,https://www.google.com/books/edition/The_Listening_Walk/QjZB8mzZcYMC?hl=en&gbpv=1&dq=the+listening+walk&printsec=frontcover,yes,False,False,False,False,False,False,False,False
Nicole Stern,Batch 1 training set,../coded-books/Nicole Stern\Batch 1 training set,user2000_701_book_2_2.jpg,../coded-books/Nicole Stern\Batch 1 training set\user2000_701_book_2_2.jpg,the listening walk,https://www.google.com/books/edition/The_Listening_Walk/QjZB8mzZcYMC?hl=en&gbpv=0,yes,False,False,False,False,False,False,False,False
Sabrina,Batch 1 training set,../coded-books/Sabrina\Batch 1 training set,user2000_701_book_2_2.jpg,../coded-books/Sabrina\Batch 1 training set\user2000_701_book_2_2.jpg,the listening walk,https://www.google.com/books/edition/The_Listening_Walk/QjZB8mzZcYMC?hl=en&gbpv=1&dq=the+listening+walk&printsec=frontcover,yes,False,False,False,False,False,False,False,False
Stephanie,Batch 1 training set,../coded-books/Stephanie\Batch 1 training set,user2000_701_book_2_2.jpg,../coded-books/Stephanie\Batch 1 training set\user2000_701_book_2_2.jpg,the listening walk,https://www.google.com/books/edition/The_Listening_Walk/QjZB8mzZcYMC?hl=en&gbpv=0,with detective work,False,False,False,False,False,False,False,False
Emily,Batch 25,../coded-books/Emily\Batch 25,user2000_701_book_2_2.jpg,../coded-books/Emily\Batch 25\user2000_701_book_2_2.jpg,the listening walk,https://www.google.com/books/edition/The_Listening_Walk/QjZB8mzZcYMC?hl=en&gbpv=0,yes,False,False,True,False,False,False,False,False
Emily,Batch 1 training set,../coded-books/Emily\Batch 1 training set,user2024_4487_book_1_5.jpg,../coded-books/Emily\Batch 1 training set\user2024_4487_book_1_5.jpg,the pigeon has to go to school,https://www.google.com/books/edition/The_Pigeon_HAS_to_Go_to_School/UCecuwEACAAJ?hl=en,yes,True,False,False,False,False,False,False,False
Nicole Stern,Batch 1 training set,../coded-books/Nicole Stern\Batch 1 training set,user2024_4487_book_1_5.jpg,../coded-books/Nicole Stern\Batch 1 training set\user2024_4487_book_1_5.jpg,the pigeon has to go to school!,https://www.google.com/books/edition/The_Pigeon_HAS_to_Go_to_School/UCecuwEACAAJ?hl=en,yes,True,False,False,False,False,False,False,False
Sabrina,Batch 1 training set,../coded-books/Sabrina\Batch 1 training set,user2024_4487_book_1_5.jpg,../coded-books/Sabrina\Batch 1 training set\user2024_4487_book_1_5.jpg,the pigeon has to go to school,https://www.google.com/books/edition/The_Pigeon_HAS_to_Go_to_School/UCecuwEACAAJ?hl=en,no,True,False,False,False,False,False,False,False
Stephanie,Batch 1 training set,../coded-books/Stephanie\Batch 1 training set,user2024_4487_book_1_5.jpg,../coded-books/Stephanie\Batch 1 training set\user2024_4487_book_1_5.jpg,the pigeon has to go to school,https://www.google.com/books/edition/The_Pigeon_HAS_to_Go_to_School/UCecuwEACAAJ?hl=en,yes,True,False,False,False,False,False,False,False
Stephanie,Batch 26,../coded-books/Stephanie\Batch 26,user2024_4487_book_1_5.jpg,../coded-books/Stephanie\Batch 26\user2024_4487_book_1_5.jpg,the pigeon has to go to school,https://www.google.com/books/edition/The_Pigeon_HAS_to_Go_to_School/UCecuwEACAAJ?hl=en,yes,True,False,False,False,False,False,False,False
Emily,Batch 1 training set,../coded-books/Emily\Batch 1 training set,user2036_3841_book_3_12.jpg,../coded-books/Emily\Batch 1 training set\user2036_3841_book_3_12.jpg,,,no,True,False,False,False,False,False,False,False
Nicole Stern,Batch 1 training set,../coded-books/Nicole Stern\Batch 1 training set,user2036_3841_book_3_12.jpg,../coded-books/Nicole Stern\Batch 1 training set\user2036_3841_book_3_12.jpg,,,no,False,False,False,False,False,False,False,False
Sabrina,Batch 1 training set,../coded-books/Sabrina\Batch 1 training set,user2036_3841_book_3_12.jpg,../coded-books/Sabrina\Batch 1 training set\user2036_3841_book_3_12.jpg,,,no,True,False,False,False,False,False,False,False
Stephanie,Batch 1 training set,../coded-books/Stephanie\Batch 1 training set,user2036_3841_book_3_12.jpg,../coded-books/Stephanie\Batch 1 training set\user2036_3841_book_3_12.jpg,,,no,False,False,False,False,False,False,False,False
Sabrina,Batch 19,../coded-books/Sabrina\Batch 19,user2036_3841_book_3_12.jpg,../coded-books/Sabrina\Batch 19\user2036_3841_book_3_12.jpg,,,no,False,False,False,False,False,False,False,False
Emily,Batch 1 training set,../coded-books/Emily\Batch 1 training set,user2052_3213_book_9_14.jpg,../coded-books/Emily\Batch 1 training set\user2052_3213_book_9_14.jpg,chicka chicka boom boom,https://www.google.com/search?tbm=bks&q=chicka+chicka+boom+boom,yes,True,False,False,False,False,False,False,False
Nicole Stern,Batch 1 training set,../coded-books/Nicole Stern\Batch 1 training set,user2052_3213_book_9_14.jpg,../coded-books/Nicole Stern\Batch 1 training set\user2052_3213_book_9_14.jpg,chicka chicka boom boom,https://www.google.com/books/edition/Chicka_Chicka_Boom_Boom/pxTDCgAAQBAJ?hl=en&gbpv=0,yes,True,False,False,False,False,False,False,False
Sabrina,Batch 1 training set,../coded-books/Sabrina\Batch 1 training set,user2052_3213_book_9_14.jpg,../coded-books/Sabrina\Batch 1 training set\user2052_3213_book_9_14.jpg,chicka chicka boom boom,"https://www.google.com/books/edition/Chicka_Chicka_Boom_Boom/pxTDCgAAQBAJ?hl=en&gbpv=1&dq=Chicka+Chicka+1,+2,+3&printsec=frontcover",yes,True,False,False,False,False,False,False,False
Stephanie,Batch 1 training set,../coded-books/Stephanie\Batch 1 training set,user2052_3213_book_9_14.jpg,../coded-books/Stephanie\Batch 1 training set\user2052_3213_book_9_14.jpg,chicka chicka boom boom ,https://www.google.com/books/edition/Chicka_Chicka_Boom_Boom/pxTDCgAAQBAJ?hl=en&gbpv=0,yes,True,False,False,False,False,False,False,False
Emily,Batch 34,../coded-books/Emily\Batch 34,user2052_3213_book_9_14.jpg,../coded-books/Emily\Batch 34\user2052_3213_book_9_14.jpg,chicka chicka boom boom,https://www.google.com/books/edition/Chicka_Chicka_Boom_Boom/I6e1W-zVg7oC?hl=en&gbpv=1&dq=chicka+chicka+boom+boom&printsec=frontcover,yes,True,False,False,False,False,False,False,False
Emily,Batch 1 training set,../coded-books/Emily\Batch 1 training set,user2078_1971_book_3_8.jpg,../coded-books/Emily\Batch 1 training set\user2078_1971_book_3_8.jpg,curious george takes a train,https://www.google.com/books/edition/Curious_George_Takes_a_Train/yTLwDwAAQBAJ?hl=en&gbpv=1&dq=curious+george+takes+a+train&printsec=frontcover,yes,True,False,False,False,False,False,False,False
Nicole Stern,Batch 1 training set,../coded-books/Nicole Stern\Batch 1 training set,user2078_1971_book_3_8.jpg,../coded-books/Nicole Stern\Batch 1 training set\user2078_1971_book_3_8.jpg,curious george takes a train,https://www.google.com/books/edition/Curious_George/OhEBjwEACAAJ?hl=en,with detective work,True,False,False,False,False,False,False,False
Sabrina,Batch 1 training set,../coded-books/Sabrina\Batch 1 training set,user2078_1971_book_3_8.jpg,../coded-books/Sabrina\Batch 1 training set\user2078_1971_book_3_8.jpg,curious george,,no,True,False,False,False,False,False,False,False
Stephanie,Batch 1 training set,../coded-books/Stephanie\Batch 1 training set,user2078_1971_book_3_8.jpg,../coded-books/Stephanie\Batch 1 training set\user2078_1971_book_3_8.jpg,curious george takes a train ,https://www.google.com/books/edition/Curious_George_Takes_a_Train/yTLwDwAAQBAJ?hl=en&gbpv=0,yes,True,False,False,False,False,False,False,False
Emily,Batch 10,../coded-books/Emily\Batch 10,user2078_1971_book_3_8.jpg,../coded-books/Emily\Batch 10\user2078_1971_book_3_8.jpg,curious george takes a train,https://www.google.com/books/edition/Curious_George_Takes_a_Train/PP9TRQAACAAJ?hl=en,yes,True,False,False,False,False,False,False,False
Emily,Batch 1 training set,../coded-books/Emily\Batch 1 training set,user2083_1973_book_3_4.jpg,../coded-books/Emily\Batch 1 training set\user2083_1973_book_3_4.jpg,ready common core 5 mathematics instruction,https://www.amazon.com/Ready-Common-Core-Mathematics-Instruction/dp/1495705528,with info sidebar,False,True,False,False,False,False,False,False
Nicole Stern,Batch 1 training set,../coded-books/Nicole Stern\Batch 1 training set,user2083_1973_book_3_4.jpg,../coded-books/Nicole Stern\Batch 1 training set\user2083_1973_book_3_4.jpg,"ready new york ccls math 5
",,with info sidebar,False,True,False,False,False,False,False,False
Sabrina,Batch 1 training set,../coded-books/Sabrina\Batch 1 training set,user2083_1973_book_3_4.jpg,../coded-books/Sabrina\Batch 1 training set\user2083_1973_book_3_4.jpg,ready,https://www.amazon.com/Ready-Common-Core-Mathematics-Instruction/dp/1495705528/ref=asc_df_1495705528/?tag=hyprod-20&linkCode=df0&hvadid=380078040892&hvpos=&hvnetw=g&hvrand=11327572347649492834&hvpone=&hvptwo=&hvqmt=&hvdev=c&hvdvcmdl=&hvlocint=&hvlocphy=9073502&hvtargid=pla-815629481226&psc=1&tag=&ref=&adgrpid=79069991898&hvpone=&hvptwo=&hvadid=380078040892&hvpos=&hvnetw=g&hvrand=11327572347649492834&hvqmt=&hvdev=c&hvdvcmdl=&hvlocint=&hvlocphy=9073502&hvtargid=pla-815629481226,yes,False,True,False,False,False,False,False,False
Stephanie,Batch 1 training set,../coded-books/Stephanie\Batch 1 training set,user2083_1973_book_3_4.jpg,../coded-books/Stephanie\Batch 1 training set\user2083_1973_book_3_4.jpg,,,no,False,True,False,False,False,False,False,False
Sabrina,Batch 33,../coded-books/Sabrina\Batch 33,user2083_1973_book_3_4.jpg,../coded-books/Sabrina\Batch 33\user2083_1973_book_3_4.jpg,,,no,False,False,False,False,False,False,False,False
Emily,Batch 1 training set,../coded-books/Emily\Batch 1 training set,user2103_1362_book_3_4.jpg,../coded-books/Emily\Batch 1 training set\user2103_1362_book_3_4.jpg,chrysanthemum,https://www.google.com/books/edition/Chrysanthemum/qhXhAAAAMAAJ?hl=en,with detective work,False,False,False,False,False,False,False,True
Nicole Stern,Batch 1 training set,../coded-books/Nicole Stern\Batch 1 training set,user2103_1362_book_3_4.jpg,../coded-books/Nicole Stern\Batch 1 training set\user2103_1362_book_3_4.jpg,chrysanthemum,https://www.google.com/books/edition/Chrysanthemum_Big_Book/mkCDE2kMppUC?hl=en&gbpv=0,yes,False,False,False,False,False,False,False,True
Sabrina,Batch 1 training set,../coded-books/Sabrina\Batch 1 training set,user2103_1362_book_3_4.jpg,../coded-books/Sabrina\Batch 1 training set\user2103_1362_book_3_4.jpg,,,no,False,False,False,False,False,False,False,False
Stephanie,Batch 1 training set,../coded-books/Stephanie\Batch 1 training set,user2103_1362_book_3_4.jpg,../coded-books/Stephanie\Batch 1 training set\user2103_1362_book_3_4.jpg,chrysanthemum,https://www.google.com/books/edition/Chrysanthemum_Big_Book/mkCDE2kMppUC?hl=en&gbpv=0,with detective work,True,False,False,False,False,False,False,False
Nicole Stern,Batch 22,../coded-books/Nicole Stern\Batch 22,user2103_1362_book_3_4.jpg,../coded-books/Nicole Stern\Batch 22\user2103_1362_book_3_4.jpg,chrysanthemum,https://www.google.com/books/edition/Chrysanthemum/qhXhAAAAMAAJ?hl=en,with detective work,False,False,False,False,False,False,False,True
Emily,Batch 1 training set,../coded-books/Emily\Batch 1 training set,user2113_2607_book_1_1.jpg,../coded-books/Emily\Batch 1 training set\user2113_2607_book_1_1.jpg,our class is a family,https://www.google.com/books/edition/Our_Class_is_a_Family/ipiNzQEACAAJ?hl=en,with detective work,False,True,False,False,False,False,False,False
Nicole Stern,Batch 1 training set,../coded-books/Nicole Stern\Batch 1 training set,user2113_2607_book_1_1.jpg,../coded-books/Nicole Stern\Batch 1 training set\user2113_2607_book_1_1.jpg,our class is a family,https://www.google.com/books/edition/Our_Class_is_a_Family/ipiNzQEACAAJ?hl=en,yes,False,True,False,False,False,False,False,False
Sabrina,Batch 1 training set,../coded-books/Sabrina\Batch 1 training set,user2113_2607_book_1_1.jpg,../coded-books/Sabrina\Batch 1 training set\user2113_2607_book_1_1.jpg,"our class is a family
",https://www.google.com/books/edition/Our_Class_is_a_Family/ipiNzQEACAAJ?hl=en,yes,False,True,False,False,False,False,False,False
Stephanie,Batch 1 training set,../coded-books/Stephanie\Batch 1 training set,user2113_2607_book_1_1.jpg,../coded-books/Stephanie\Batch 1 training set\user2113_2607_book_1_1.jpg,our class is a family,https://www.google.com/books/edition/Our_Class_is_a_Family/ipiNzQEACAAJ?hl=en,with detective work,False,True,False,False,False,False,False,True
Michelle,Batch 11,../coded-books/Michelle\Batch 11,user2113_2607_book_1_1.jpg,../coded-books/Michelle\Batch 11\user2113_2607_book_1_1.jpg,our class is a family ,https://books.google.com/books?id=APGazQEACAAJ&dq=our+class+is+a+family&hl=en&newbks=1&newbks_redir=0&sa=X&ved=2ahUKEwj3kNWr5b_7AhX4ElkFHX5IBfkQ6AF6BAgDEAI,with info sidebar,False,True,True,False,False,False,False,False
Emily,Batch 1 training set,../coded-books/Emily\Batch 1 training set,user2133_4504_book_6_6.jpg,../coded-books/Emily\Batch 1 training set\user2133_4504_book_6_6.jpg,the chronicles of narnia,https://www.google.com/books/edition/The_Chronicles_of_Narnia_adult/ZiYU9NS4QkYC?hl=en&gbpv=1&dq=the+chronicles+of+narnia&printsec=frontcover,yes,True,False,False,False,False,False,False,False
Nicole Stern,Batch 1 training set,../coded-books/Nicole Stern\Batch 1 training set,user2133_4504_book_6_6.jpg,../coded-books/Nicole Stern\Batch 1 training set\user2133_4504_book_6_6.jpg,the chronicles of narnia,https://www.google.com/books/edition/The_Chronicles_of_Narnia_adult/ZiYU9NS4QkYC?hl=en&gbpv=0,yes,True,False,False,False,False,False,False,False
Sabrina,Batch 1 training set,../coded-books/Sabrina\Batch 1 training set,user2133_4504_book_6_6.jpg,../coded-books/Sabrina\Batch 1 training set\user2133_4504_book_6_6.jpg,,,no,False,False,False,False,False,False,False,False
Stephanie,Batch 1 training set,../coded-books/Stephanie\Batch 1 training set,user2133_4504_book_6_6.jpg,../coded-books/Stephanie\Batch 1 training set\user2133_4504_book_6_6.jpg,the chronicles of narnia,https://www.google.com/books/edition/The_Chronicles_of_Narnia_adult/ArLbO9YdVMMC?hl=en&gbpv=1&dq=the+chronicles+of+narnia&printsec=frontcover,yes,True,False,False,False,False,False,False,False
Emily,Batch 8,../coded-books/Emily\Batch 8,user2133_4504_book_6_6.jpg,../coded-books/Emily\Batch 8\user2133_4504_book_6_6.jpg,the chronicles of narnia,https://www.google.com/books/edition/The_Chronicles_of_Narnia_adult/ArLbO9YdVMMC?hl=en&gbpv=0,yes,True,False,False,False,False,False,False,False
Emily,Batch 1 training set,../coded-books/Emily\Batch 1 training set,user2133_4504_book_8_8.jpg,../coded-books/Emily\Batch 1 training set\user2133_4504_book_8_8.jpg,a wrinkle in time,https://www.google.com/books/edition/A_Wrinkle_in_Time_Movie_Tie_In_Edition/04g3zgEACAAJ?hl=en,yes,True,False,False,False,False,False,False,False
Nicole Stern,Batch 1 training set,../coded-books/Nicole Stern\Batch 1 training set,user2133_4504_book_8_8.jpg,../coded-books/Nicole Stern\Batch 1 training set\user2133_4504_book_8_8.jpg,a wrinkle in time,https://www.google.com/books/edition/A_Wrinkle_in_Time_Movie_Tie_In_Edition/znZxtAEACAAJ?hl=en,yes,True,False,False,False,False,False,False,False
Sabrina,Batch 1 training set,../coded-books/Sabrina\Batch 1 training set,user2133_4504_book_8_8.jpg,../coded-books/Sabrina\Batch 1 training set\user2133_4504_book_8_8.jpg,"a wrinkle in time
",https://www.google.com/books/edition/A_Wrinkle_in_Time_Movie_Tie_In_Edition/znZxtAEACAAJ?hl=en,yes,True,False,False,False,False,False,False,False
Stephanie,Batch 1 training set,../coded-books/Stephanie\Batch 1 training set,user2133_4504_book_8_8.jpg,../coded-books/Stephanie\Batch 1 training set\user2133_4504_book_8_8.jpg,a wrinkle in time,https://www.google.com/books/edition/A_Wrinkle_in_Time_Movie_Tie_In_Edition/04g3zgEACAAJ?hl=en,yes,True,False,False,False,False,False,False,False
Nicole Stern,Batch 21,../coded-books/Nicole Stern\Batch 21,user2133_4504_book_8_8.jpg,../coded-books/Nicole Stern\Batch 21\user2133_4504_book_8_8.jpg,a wrinkle in time,https://www.google.com/books/edition/A_Wrinkle_in_Time_50th_Anniversary_Comme/26O_zA8YzZcC?hl=en&gbpv=0,yes,True,False,False,False,False,False,False,False
Emily,Batch 1 training set,../coded-books/Emily\Batch 1 training set,user2152_1989_book_1_2.jpg,../coded-books/Emily\Batch 1 training set\user2152_1989_book_1_2.jpg,what do you do with a problem?,https://www.google.com/books/edition/What_Do_You_Do_with_a_Problem/weZhzgEACAAJ?hl=en,yes,True,False,False,False,False,False,False,False
Nicole Stern,Batch 1 training set,../coded-books/Nicole Stern\Batch 1 training set,user2152_1989_book_1_2.jpg,../coded-books/Nicole Stern\Batch 1 training set\user2152_1989_book_1_2.jpg,what do you do with a problem? ,https://www.google.com/books/edition/What_Do_You_Do_with_a_Problem/weZhzgEACAAJ?hl=en,yes,True,False,False,False,False,False,False,False
Sabrina,Batch 1 training set,../coded-books/Sabrina\Batch 1 training set,user2152_1989_book_1_2.jpg,../coded-books/Sabrina\Batch 1 training set\user2152_1989_book_1_2.jpg,"what do you do with a problem?
",https://www.google.com/books/edition/What_Do_You_Do_with_a_Problem/weZhzgEACAAJ?hl=en,yes,True,False,False,False,False,False,False,False
Stephanie,Batch 1 training set,../coded-books/Stephanie\Batch 1 training set,user2152_1989_book_1_2.jpg,../coded-books/Stephanie\Batch 1 training set\user2152_1989_book_1_2.jpg,what would you do with a problem,https://www.google.com/books/edition/What_Do_You_Do_with_a_Problem/weZhzgEACAAJ?hl=en,yes,True,False,False,False,False,False,False,False
Emily,Batch 24,../coded-books/Emily\Batch 24,user2152_1989_book_1_2.jpg,../coded-books/Emily\Batch 24\user2152_1989_book_1_2.jpg,what do you do with a problem?,https://www.google.com/books/edition/What_Do_You_Do_with_a_Problem/weZhzgEACAAJ?hl=en,yes,True,False,False,False,False,False,False,False
Emily,Batch 1 training set,../coded-books/Emily\Batch 1 training set,user2152_2622_book_1_5.jpg,../coded-books/Emily\Batch 1 training set\user2152_2622_book_1_5.jpg,if you give a mouse a cookie,https://www.google.com/books/edition/If_You_Give_a_Mouse_a_Cookie_Big_Book/b760ngEACAAJ?hl=en,yes,True,False,False,False,False,False,False,False
Nicole Stern,Batch 1 training set,../coded-books/Nicole Stern\Batch 1 training set,user2152_2622_book_1_5.jpg,../coded-books/Nicole Stern\Batch 1 training set\user2152_2622_book_1_5.jpg,if you give a mouse a cookie,https://www.google.com/books/edition/If_You_Give_a_Mouse_a_Cookie/UAPknQEACAAJ?hl=en,yes,True,False,False,False,False,False,False,False
Sabrina,Batch 1 training set,../coded-books/Sabrina\Batch 1 training set,user2152_2622_book_1_5.jpg,../coded-books/Sabrina\Batch 1 training set\user2152_2622_book_1_5.jpg,if you give a mouse a cookie,https://www.google.com/books/edition/If_You_Give_a_Mouse_a_Cookie_Big_Book/b760ngEACAAJ?hl=en,yes,True,False,False,False,False,False,False,False
Stephanie,Batch 1 training set,../coded-books/Stephanie\Batch 1 training set,user2152_2622_book_1_5.jpg,../coded-books/Stephanie\Batch 1 training set\user2152_2622_book_1_5.jpg,if you give a mouse a cookie,https://www.google.com/books/edition/If_You_Give_a_Mouse_a_Cookie_Big_Book/b760ngEACAAJ?hl=en,yes,True,False,False,False,False,False,False,False
Michelle,Batch 11,../coded-books/Michelle\Batch 11,user2152_2622_book_1_5.jpg,../coded-books/Michelle\Batch 11\user2152_2622_book_1_5.jpg,if you give a mouse a cookie ,https://books.google.com/books?id=b760ngEACAAJ&dq=if+you+give+a+mouse+a+cookie&hl=en&newbks=1&newbks_redir=0&sa=X&ved=2ahUKEwjD1YmyhMD7AhWOMlkFHYsoAGAQ6AF6BAgBEAI,yes,True,False,False,False,False,False,False,False
Emily,Batch 1 training set,../coded-books/Emily\Batch 1 training set,user2156_1995_book_10_11.jpg,../coded-books/Emily\Batch 1 training set\user2156_1995_book_10_11.jpg,perfect square,https://www.google.com/books/edition/Perfect_Square/HxF9AtARsBoC?hl=en&gbpv=1&dq=perfect+square&printsec=frontcover,yes,True,False,False,False,False,False,False,False
Nicole Stern,Batch 1 training set,../coded-books/Nicole Stern\Batch 1 training set,user2156_1995_book_10_11.jpg,../coded-books/Nicole Stern\Batch 1 training set\user2156_1995_book_10_11.jpg,perfect square,https://www.google.com/books/edition/Perfect_Square/HxF9AtARsBoC?hl=en&gbpv=0,yes,True,False,False,False,False,False,False,False
Sabrina,Batch 1 training set,../coded-books/Sabrina\Batch 1 training set,user2156_1995_book_10_11.jpg,../coded-books/Sabrina\Batch 1 training set\user2156_1995_book_10_11.jpg,perfect square,https://www.google.com/books/edition/Perfect_Square/HxF9AtARsBoC?hl=en&gbpv=1&dq=perfect+square&printsec=frontcover,yes,True,False,False,False,False,False,False,False
Stephanie,Batch 1 training set,../coded-books/Stephanie\Batch 1 training set,user2156_1995_book_10_11.jpg,../coded-books/Stephanie\Batch 1 training set\user2156_1995_book_10_11.jpg,perfect square,https://www.google.com/books/edition/Perfect_Square/HxF9AtARsBoC?hl=en&gbpv=0,yes,True,False,False,False,False,False,False,False
Stephanie,Batch 14,../coded-books/Stephanie\Batch 14,user2156_1995_book_10_11.jpg,../coded-books/Stephanie\Batch 14\user2156_1995_book_10_11.jpg,perfect square,https://www.google.com/books/edition/Perfect_Square/HxF9AtARsBoC?hl=en&gbpv=1&dq=perfect+square&printsec=frontcover,yes,True,False,False,False,False,False,False,False
Emily,Batch 1 training set,../coded-books/Emily\Batch 1 training set,user2156_1995_book_8_9.jpg,../coded-books/Emily\Batch 1 training set\user2156_1995_book_8_9.jpg,mixed: a colorful story,https://www.google.com/books/edition/Mixed_A_Colorful_Story/yU1LDwAAQBAJ?hl=en&gbpv=1&dq=mixed+a+colorful+story&printsec=frontcover,yes,True,False,False,False,False,False,False,False
Nicole Stern,Batch 1 training set,../coded-books/Nicole Stern\Batch 1 training set,user2156_1995_book_8_9.jpg,../coded-books/Nicole Stern\Batch 1 training set\user2156_1995_book_8_9.jpg,mixed: a colorful story,https://www.google.com/books/edition/Mixed_A_Colorful_Story/yU1LDwAAQBAJ?hl=en&gbpv=1&dq=mixed+a+colorful+story&printsec=frontcover,yes,True,False,False,False,False,False,False,False
Sabrina,Batch 1 training set,../coded-books/Sabrina\Batch 1 training set,user2156_1995_book_8_9.jpg,../coded-books/Sabrina\Batch 1 training set\user2156_1995_book_8_9.jpg,mixed a colorful story,https://www.google.com/books/edition/Mixed_A_Colorful_Story/yU1LDwAAQBAJ?hl=en&gbpv=1&dq=mixed+a+colorful+story&printsec=frontcover,yes,True,False,False,False,False,False,False,False
Stephanie,Batch 1 training set,../coded-books/Stephanie\Batch 1 training set,user2156_1995_book_8_9.jpg,../coded-books/Stephanie\Batch 1 training set\user2156_1995_book_8_9.jpg,mixed: a colorful story,https://www.google.com/books/edition/Mixed_A_Colorful_Story/yU1LDwAAQBAJ?hl=en&gbpv=0,yes,False,False,False,False,False,False,False,True
Nicole Stern,Batch 22,../coded-books/Nicole Stern\Batch 22,user2156_1995_book_8_9.jpg,../coded-books/Nicole Stern\Batch 22\user2156_1995_book_8_9.jpg,mixed: a colorful story,https://www.google.com/books/edition/Mixed_A_Colorful_Story/yU1LDwAAQBAJ?hl=en&gbpv=0,yes,True,False,False,False,False,False,False,False
Emily,Batch 1 training set,../coded-books/Emily\Batch 1 training set,user2156_1996_book_10_11.jpg,../coded-books/Emily\Batch 1 training set\user2156_1996_book_10_11.jpg,the museum,https://www.google.com/books/edition/The_Museum/MeIwBQAAQBAJ?hl=en&gbpv=1&dq=the+museum&printsec=frontcover,yes,False,False,False,False,False,False,False,False
Nicole Stern,Batch 1 training set,../coded-books/Nicole Stern\Batch 1 training set,user2156_1996_book_10_11.jpg,../coded-books/Nicole Stern\Batch 1 training set\user2156_1996_book_10_11.jpg,the museum,https://www.google.com/books/edition/The_Museum/MeIwBQAAQBAJ?hl=en&gbpv=0,yes,False,False,False,False,False,False,False,False
Sabrina,Batch 1 training set,../coded-books/Sabrina\Batch 1 training set,user2156_1996_book_10_11.jpg,../coded-books/Sabrina\Batch 1 training set\user2156_1996_book_10_11.jpg,the museum,https://www.google.com/books/edition/The_Museum/MeIwBQAAQBAJ?hl=en&gbpv=1&dq=the+museum&printsec=frontcover,yes,False,False,False,False,False,False,False,False
Stephanie,Batch 1 training set,../coded-books/Stephanie\Batch 1 training set,user2156_1996_book_10_11.jpg,../coded-books/Stephanie\Batch 1 training set\user2156_1996_book_10_11.jpg,the museum,https://www.google.com/books/edition/The_Museum/MeIwBQAAQBAJ?hl=en&gbpv=0,yes,False,False,False,False,False,False,False,False
Stephanie,Batch 36,../coded-books/Stephanie\Batch 36,user2156_1996_book_10_11.jpg,../coded-books/Stephanie\Batch 36\user2156_1996_book_10_11.jpg,the museum,https://www.google.com/books/edition/The_Museum/MeIwBQAAQBAJ?hl=en&gbpv=1&dq=the+museum&printsec=frontcover,yes,False,False,True,False,False,False,False,False
Emily,Batch 1 training set,../coded-books/Emily\Batch 1 training set,user2156_1997_book_8_9.jpg,../coded-books/Emily\Batch 1 training set\user2156_1997_book_8_9.jpg,art & max,https://www.google.com/books/edition/Art_Max/0XFVvdnjQTgC?hl=en&gbpv=1&dq=art+and+max&printsec=frontcover,yes,True,False,False,False,False,False,False,False
Nicole Stern,Batch 1 training set,../coded-books/Nicole Stern\Batch 1 training set,user2156_1997_book_8_9.jpg,../coded-books/Nicole Stern\Batch 1 training set\user2156_1997_book_8_9.jpg,art & max,https://www.google.com/books/edition/Art_Max/0XFVvdnjQTgC?hl=en&gbpv=0,yes,True,False,False,False,False,False,False,False
Sabrina,Batch 1 training set,../coded-books/Sabrina\Batch 1 training set,user2156_1997_book_8_9.jpg,../coded-books/Sabrina\Batch 1 training set\user2156_1997_book_8_9.jpg,,,no,False,False,False,False,False,False,False,False
Stephanie,Batch 1 training set,../coded-books/Stephanie\Batch 1 training set,user2156_1997_book_8_9.jpg,../coded-books/Stephanie\Batch 1 training set\user2156_1997_book_8_9.jpg,art & max,https://www.google.com/books/edition/Art_Max/0XFVvdnjQTgC?hl=en&gbpv=0,yes,True,False,False,False,False,False,False,False
Stephanie,Batch 27,../coded-books/Stephanie\Batch 27,user2156_1997_book_8_9.jpg,../coded-books/Stephanie\Batch 27\user2156_1997_book_8_9.jpg,art & max,https://www.google.com/books/edition/Art_Max/0XFVvdnjQTgC?hl=en&gbpv=1&dq=art+and+max&printsec=frontcover,yes,True,False,False,False,False,False,False,False
Emily,Batch 1 training set,../coded-books/Emily\Batch 1 training set,user2180_23_book_4_4.jpg,../coded-books/Emily\Batch 1 training set\user2180_23_book_4_4.jpg,make a snowman,,no,False,False,False,False,False,False,False,False
Nicole Stern,Batch 1 training set,../coded-books/Nicole Stern\Batch 1 training set,user2180_23_book_4_4.jpg,../coded-books/Nicole Stern\Batch 1 training set\user2180_23_book_4_4.jpg,make a snowman,,no,False,False,False,False,False,False,False,False
Sabrina,Batch 1 training set,../coded-books/Sabrina\Batch 1 training set,user2180_23_book_4_4.jpg,../coded-books/Sabrina\Batch 1 training set\user2180_23_book_4_4.jpg,,,no,False,False,False,False,False,False,False,False
Stephanie,Batch 1 training set,../coded-books/Stephanie\Batch 1 training set,user2180_23_book_4_4.jpg,../coded-books/Stephanie\Batch 1 training set\user2180_23_book_4_4.jpg,make a snowman,,yes,True,False,False,False,False,False,False,False
Emily,Batch 25,../coded-books/Emily\Batch 25,user2180_23_book_4_4.jpg,../coded-books/Emily\Batch 25\user2180_23_book_4_4.jpg,,,no,True,False,False,False,False,False,False,False
Emily,Batch 1 training set,../coded-books/Emily\Batch 1 training set,user2219_2002_book_2_5.jpg,../coded-books/Emily\Batch 1 training set\user2219_2002_book_2_5.jpg,"oh, the places you'll go!",https://www.google.com/books/edition/Oh_the_Places_You_ll_Go/1q_xAwAAQBAJ?hl=en&gbpv=1&dq=oh+all+the+places+you%27ll+go&printsec=frontcover,yes,True,False,False,False,False,False,False,False
Nicole Stern,Batch 1 training set,../coded-books/Nicole Stern\Batch 1 training set,user2219_2002_book_2_5.jpg,../coded-books/Nicole Stern\Batch 1 training set\user2219_2002_book_2_5.jpg,"oh, the places you'll go!",https://www.google.com/books/edition/Oh_the_Places_You_ll_Go/1q_xAwAAQBAJ?hl=en&gbpv=0,yes,True,False,False,False,False,False,False,False
Sabrina,Batch 1 training set,../coded-books/Sabrina\Batch 1 training set,user2219_2002_book_2_5.jpg,../coded-books/Sabrina\Batch 1 training set\user2219_2002_book_2_5.jpg,,,no,False,False,False,False,False,False,False,False
Stephanie,Batch 1 training set,../coded-books/Stephanie\Batch 1 training set,user2219_2002_book_2_5.jpg,../coded-books/Stephanie\Batch 1 training set\user2219_2002_book_2_5.jpg,"oh, the places you'll go",https://www.google.com/books/edition/Oh_the_Places_You_ll_Go/1q_xAwAAQBAJ?hl=en&gbpv=1&dq=oh+the+places+you%27ll+go&printsec=frontcover,yes,True,False,False,False,False,False,False,False
Stephanie,Batch 13,../coded-books/Stephanie\Batch 13,user2219_2002_book_2_5.jpg,../coded-books/Stephanie\Batch 13\user2219_2002_book_2_5.jpg,"oh, the places you'll go!",https://www.google.com/books/edition/Oh_the_Places_You_ll_Go/1q_xAwAAQBAJ?hl=en&gbpv=1&dq=oh+the+places+you%27ll+go&printsec=frontcover,yes,True,False,False,False,False,False,False,False
Emily,Batch 1 training set,../coded-books/Emily\Batch 1 training set,user2276_2006_book_17_16.jpg,../coded-books/Emily\Batch 1 training set\user2276_2006_book_17_16.jpg,a bad case of stripes,https://www.google.com/books/edition/A_Bad_Case_of_Stripes/quHACwAAQBAJ?hl=en&gbpv=1&dq=stripes&printsec=frontcover,yes,False,False,False,False,False,False,False,False
Nicole Stern,Batch 1 training set,../coded-books/Nicole Stern\Batch 1 training set,user2276_2006_book_17_16.jpg,../coded-books/Nicole Stern\Batch 1 training set\user2276_2006_book_17_16.jpg,a bad case of stripes,https://www.google.com/books/edition/A_Bad_Case_of_Stripes/quHACwAAQBAJ?hl=en&gbpv=0,yes,False,False,False,False,False,False,False,False
Sabrina,Batch 1 training set,../coded-books/Sabrina\Batch 1 training set,user2276_2006_book_17_16.jpg,../coded-books/Sabrina\Batch 1 training set\user2276_2006_book_17_16.jpg,a bad case of stripes,https://www.google.com/books/edition/A_Bad_Case_of_Stripes/quHACwAAQBAJ?hl=en&gbpv=1&dq=stripes+book&printsec=frontcover,yes,False,True,False,False,False,False,False,False
Stephanie,Batch 1 training set,../coded-books/Stephanie\Batch 1 training set,user2276_2006_book_17_16.jpg,../coded-books/Stephanie\Batch 1 training set\user2276_2006_book_17_16.jpg,a bad case of stripes,https://www.google.com/books/edition/A_Bad_Case_of_Stripes/quHACwAAQBAJ?hl=en&gbpv=1&dq=stripes&printsec=frontcover,yes,False,False,False,False,False,False,False,False
Michelle,Batch 12,../coded-books/Michelle\Batch 12,user2276_2006_book_17_16.jpg,../coded-books/Michelle\Batch 12\user2276_2006_book_17_16.jpg,bad case of stripes ,https://books.google.com/books?id=quHACwAAQBAJ&printsec=frontcover&dq=bad+case+of+stripes&hl=en&newbks=1&newbks_redir=0&sa=X&ved=2ahUKEwjv08Xfj8D7AhXqEVkFHc6GA2YQ6AF6BAgJEAI#v=onepage&q=bad%20case%20of%20stripes&f=false,yes,True,False,False,False,False,False,False,False
Emily,Batch 1 training set,../coded-books/Emily\Batch 1 training set,user2281_2010_book_5_15.jpg,../coded-books/Emily\Batch 1 training set\user2281_2010_book_5_15.jpg,baditude: what to do when life stinks!,https://www.google.com/books/edition/Baditude_What_to_Do_When_Life_Stinks/1H5IDwAAQBAJ?hl=en&gbpv=1&dq=baditude&printsec=frontcover,with detective work,False,True,False,False,False,False,False,False
Nicole Stern,Batch 1 training set,../coded-books/Nicole Stern\Batch 1 training set,user2281_2010_book_5_15.jpg,../coded-books/Nicole Stern\Batch 1 training set\user2281_2010_book_5_15.jpg,,,no,False,False,False,False,False,False,False,False
Sabrina,Batch 1 training set,../coded-books/Sabrina\Batch 1 training set,user2281_2010_book_5_15.jpg,../coded-books/Sabrina\Batch 1 training set\user2281_2010_book_5_15.jpg,,,no,False,False,False,False,False,False,False,False
Stephanie,Batch 1 training set,../coded-books/Stephanie\Batch 1 training set,user2281_2010_book_5_15.jpg,../coded-books/Stephanie\Batch 1 training set\user2281_2010_book_5_15.jpg,,,no,False,False,False,False,False,False,False,False
Stephanie,Batch 15,../coded-books/Stephanie\Batch 15,user2281_2010_book_5_15.jpg,../coded-books/Stephanie\Batch 15\user2281_2010_book_5_15.jpg,,,no,True,False,False,False,False,False,False,False
