image_id,filename,title,google,ra,batch,errors,identifiable_yes,identifiable_no,identifiable_with_info_sidebar,identifiable_with_detective_work,identifiable_different_language,diversity_none,diversity_bipoc,diversity_noncisman,diversity_lgbq,diversity_non_christian,diversity_disability,diversity_other,diversity_ambiguous,TagID
user1029_4729_book_1_4.jpg4363,user1029_4729_book_1_4.jpg,bugs a to z,https://www.google.com/books/edition/Bugs_A_to_Z/WmQU-Yid-zoC?hl=en&gbpv=1&dq=bugs+a+to&printsec=frontcover,Sabrina,Batch 2b training set,Exactly one identifiable selection required.,False,False,False,False,False,False,False,False,False,False,False,False,False,user1029_4729_book_1_4
user1029_4729_book_1_4.jpg4363,user1029_4729_book_1_4.jpg,Bugs A to Z,https://www.google.com/books/edition/Bugs_A_to_Z/WmQU-Yid-zoC?hl=en&gbpv=0,Nicole Stern,Batch 2b training set,,True,False,False,False,False,True,False,False,False,False,False,False,False,user1029_4729_book_1_4
user1038_1666_book_5_13.jpg7878,user1038_1666_book_5_13.jpg,,,Michelle,Batch 4a training set,Exactly one identifiable selection required.,False,False,False,False,False,False,False,False,False,False,False,False,False,user1038_1666_book_5_13
user1038_1666_book_5_13.jpg0,user1038_1666_book_5_13.jpg,The Legend of Spookley the Square Pumpkin,https://www.google.com/books/edition/The_Legend_of_Spookley_the_Square_Pumpki/79i5BAAAQBAJ?hl=en&gbpv=1&dq=spookley+the+square+pumpkin&printsec=frontcover,Emily,Batch 4a training set,,True,False,False,False,False,True,False,False,False,False,False,False,False,user1038_1666_book_5_13
user1083_419_book_14_14.jpg6459,user1083_419_book_14_14.jpg,tangled a story about shapes ,https://www.google.com/books/edition/Tangled/tS2BDwAAQBAJ?hl=en&gbpv=1&dq=tangled+story+about+shapes&printsec=frontcover,Michelle,Batch 3a training set,,False,False,True,False,False,True,False,False,False,False,False,False,False,user1083_419_book_14_14
user1083_419_book_14_14.jpg6459,user1083_419_book_14_14.jpg,Tangled: A Story About Shapes,https://www.google.com/books/edition/Tangled/tS2BDwAAQBAJ?hl=en&gbpv=0,Nicole Stern,Batch 3a training set,,True,False,False,False,False,False,False,False,False,False,False,False,True,user1083_419_book_14_14
user1090_4743_book_1_4.jpg0,user1090_4743_book_1_4.jpg,"Patatr√°s, el leopardo
",https://www.google.com/books/edition/Patatr%C3%A1s_el_leopardo/Kid8PQAACAAJ?hl=en,Emily,Batch 4a training set,,False,False,False,False,True,True,False,False,False,False,False,False,False,user1090_4743_book_1_4
user1090_4743_book_1_4.jpg6987,user1090_4743_book_1_4.jpg,,,Michelle,Batch 4a training set,,False,False,False,False,True,False,False,False,False,False,False,False,False,user1090_4743_book_1_4
user10_4547_book_6_6.jpg4759,user10_4547_book_6_6.jpg,Frankly in Love,https://www.google.com/books/edition/Frankly_in_Love/IyKEDwAAQBAJ?hl=en,Nicole Stern,Batch 4b training set,,True,False,False,False,False,True,False,False,False,False,False,False,False,user10_4547_book_6_6
user10_4547_book_6_6.jpg4759,user10_4547_book_6_6.jpg,,,Sabrina,Batch 4b training set,,False,True,False,False,False,False,False,False,False,False,False,False,False,user10_4547_book_6_6
user112_4172_book_4_6.jpg1682,user112_4172_book_4_6.jpg,,,Sabrina,Batch 5 training set,,False,True,False,False,False,False,False,False,False,False,False,False,False,user112_4172_book_4_6
user112_4172_book_4_6.jpg1682,user112_4172_book_4_6.jpg,We Don't Eat Our Classmates,https://www.google.com/books/edition/We_Don_t_Eat_Our_Classmates/I6phswEACAAJ?hl=en,Nicole Stern,Batch 5 training set,,False,False,False,True,False,True,False,False,False,False,False,False,False,user112_4172_book_4_6
user1145_1702_book_18_30.jpg4543,user1145_1702_book_18_30.jpg,,,Michelle,Batch 4a training set,,False,True,False,False,False,False,False,False,False,False,False,False,False,user1145_1702_book_18_30
user1145_1702_book_18_30.jpg0,user1145_1702_book_18_30.jpg,Jamestown and the Settlement of Virginia,https://www.google.com/books/edition/Jamestown_and_the_Settlement_of_Virginia/vnpmDwAAQBAJ?hl=en&gbpv=0,Emily,Batch 4a training set,,True,False,False,False,False,True,False,False,False,False,False,False,False,user1145_1702_book_18_30
user1145_1702_book_24_36.jpg5361,user1145_1702_book_24_36.jpg,,,Michelle,Batch 4a training set,,False,True,False,False,False,False,False,False,False,False,False,False,False,user1145_1702_book_24_36
user1145_1702_book_24_36.jpg0,user1145_1702_book_24_36.jpg,Bridges: Shaping the Constitution,https://www.google.com/books/edition/Bridges_Shaping_the_Constitution/eoBa2YDyYGMC?hl=en&gbpv=1&dq=shaping+the+constitution&printsec=frontcover,Emily,Batch 4a training set,,False,False,False,True,False,True,False,False,False,False,False,False,False,user1145_1702_book_24_36
user1171_2931_book_2_6.jpg3070,user1171_2931_book_2_6.jpg,Gifts from the Gods: Ancient Words and Wisdom from Greek and Roman Mythology,https://www.google.com/books/edition/Gifts_from_the_Gods/FD3WjgEACAAJ?hl=en,Nicole Stern,Batch 2b training set,,True,False,False,False,False,False,False,False,False,True,False,False,False,user1171_2931_book_2_6
user1171_2931_book_2_6.jpg3070,user1171_2931_book_2_6.jpg,Gifts from the Gods: Ancient Words and Wisdom from Greek and Roman Mythology,https://www.google.com/books/edition/Gifts_from_the_Gods/FD3WjgEACAAJ?hl=en,Stephanie,Batch 2b training set,,False,False,True,False,False,True,False,False,False,False,False,False,False,user1171_2931_book_2_6
user1198_4759_book_1_2.jpg7433,user1198_4759_book_1_2.jpg,the dot ,https://books.google.com/books?id=GiA-EAAAQBAJ&printsec=frontcover&dq=the+dot&hl=en&newbks=1&newbks_redir=0&sa=X&ved=2ahUKEwihhtnjyvD6AhXTEFkFHSePDYwQ6AF6BAgFEAI#v=onepage&q=the%20dot&f=false,Michelle,Batch 3a training set,,True,False,False,False,False,False,False,True,False,False,False,False,False,user1198_4759_book_1_2
user1198_4759_book_1_2.jpg7433,user1198_4759_book_1_2.jpg,The Dot,https://www.google.com/books/edition/The_Dot/GiA-EAAAQBAJ?hl=en&gbpv=0,Nicole Stern,Batch 3a training set,,True,False,False,False,False,True,False,False,False,False,False,False,False,user1198_4759_book_1_2
user11_106_book_12_18.jpg5503,user11_106_book_12_18.jpg,,,Sabrina,Batch 5 training set,,False,True,False,False,False,False,False,False,False,False,False,False,False,user11_106_book_12_18
user11_106_book_12_18.jpg5503,user11_106_book_12_18.jpg,Our Police,https://www.google.com/books/edition/Our_Police/ZcVWDwAAQBAJ?hl=en&gbpv=0,Nicole Stern,Batch 5 training set,,False,False,False,True,False,False,False,True,False,False,False,False,False,user11_106_book_12_18
user11_106_book_5_11.jpg8904,user11_106_book_5_11.jpg,I'm Afraid Your Teddy is in Trouble Today,https://www.google.com/books/edition/I_m_Afraid_Your_Teddy_Is_In_Trouble_Toda/2nwtDwAAQBAJ?hl=en&gbpv=0,Nicole Stern,Batch 3a training set,,True,False,False,False,False,False,False,False,False,False,False,False,True,user11_106_book_5_11
user11_106_book_5_11.jpg8904,user11_106_book_5_11.jpg,im afraid your teddy is in trouble ,https://www.google.com/books/edition/I_m_Afraid_Your_Teddy_Is_in_Trouble_Toda/9dfGtAEACAAJ?hl=en,Michelle,Batch 3a training set,,True,False,False,False,False,True,False,False,False,False,False,False,False,user11_106_book_5_11
user1209_4212_book_2_7.jpg3467,user1209_4212_book_2_7.jpg,,,Michelle,Batch 2a training set,,False,True,False,False,False,False,False,False,False,False,False,False,False,user1209_4212_book_2_7
user1209_4212_book_2_7.jpg3467,user1209_4212_book_2_7.jpg,something good,https://www.google.com/books/edition/Something_Good/ybFQEAAAQBAJ?hl=en&gbpv=1&dq=something+good&printsec=frontcover,Emily,Batch 2a training set,,True,False,False,False,False,False,True,True,False,False,False,False,False,user1209_4212_book_2_7
user1255_1133_book_4_9.jpg5779,user1255_1133_book_4_9.jpg,A danger to herself and others,https://www.google.com/books/edition/A_Danger_to_Herself_and_Others/z1ZvDwAAQBAJ?hl=en&gbpv=1&dq=a+danger+to+herself+and+others&printsec=frontcover,Sabrina,Batch 2b training set,,True,False,False,False,False,True,False,False,False,False,False,False,False,user1255_1133_book_4_9
user1255_1133_book_4_9.jpg5779,user1255_1133_book_4_9.jpg,A Danger to Herself and Others,https://www.google.com/books/edition/A_Danger_to_Herself_and_Others/z1ZvDwAAQBAJ?hl=en&gbpv=0,Nicole Stern,Batch 2b training set,,True,False,False,False,False,False,False,True,False,False,False,False,False,user1255_1133_book_4_9
user1277_491_book_1_6.jpg6475,user1277_491_book_1_6.jpg,,,Nicole Stern,Batch 5 training set,,False,False,False,False,True,False,False,False,False,False,False,False,False,user1277_491_book_1_6
user1277_491_book_1_6.jpg6475,user1277_491_book_1_6.jpg,"Tournee Du Chat Noir
",https://www.google.com/books/edition/Tournee_Du_Chat_Noir/JsqWzQEACAAJ?hl=en,Sabrina,Batch 5 training set,,False,False,False,False,True,True,False,False,False,False,False,False,False,user1277_491_book_1_6
user1288_4773_book_2_3.jpg2550,user1288_4773_book_2_3.jpg,,,Sabrina,Batch 2b training set,,False,True,False,False,False,False,False,False,False,False,False,False,False,user1288_4773_book_2_3
user1288_4773_book_2_3.jpg2550,user1288_4773_book_2_3.jpg,Fish in a Tree,https://www.google.com/books/edition/Fish_in_a_Tree/5ps8DgAAQBAJ?hl=en&gbpv=0,Nicole Stern,Batch 2b training set,,False,False,False,True,False,True,False,False,False,False,False,False,False,user1288_4773_book_2_3
user1306_1765_book_1_11.jpg3007,user1306_1765_book_1_11.jpg,Fish in a tree,https://www.google.com/books/edition/Fish_in_a_Tree/5ps8DgAAQBAJ?hl=en&gbpv=1&dq=in+a+tree&printsec=frontcover,Emily,Batch 2a training set,,False,False,False,True,False,True,False,False,False,False,False,False,False,user1306_1765_book_1_11
user1306_1765_book_1_11.jpg3007,user1306_1765_book_1_11.jpg,,,Michelle,Batch 2a training set,,False,True,False,False,False,False,False,False,False,False,False,False,False,user1306_1765_book_1_11
user1311_4253_book_6_5.jpg0,user1311_4253_book_6_5.jpg,Where Are You Going? To See My Friend!: A Story of Friendship in Two Languages,https://www.google.com/books/edition/Where_Are_You_Going_To_See_My_Friend/xLd7swEACAAJ?hl=en,Emily,Batch 4a training set,,True,False,False,False,False,True,False,False,False,False,False,False,False,user1311_4253_book_6_5
user1311_4253_book_6_5.jpg5304,user1311_4253_book_6_5.jpg,,,Michelle,Batch 4a training set,,False,True,False,False,False,False,False,False,False,False,False,False,False,user1311_4253_book_6_5
user1315_1157_book_19_24.jpg5523,user1315_1157_book_19_24.jpg,"millions, billions, and trillions: understanding big numbers",https://www.google.com/books/edition/Millions_Billions_and_Trillions/F6DjngEACAAJ?hl=en,Emily,Batch 2a training set,,True,False,False,False,False,True,False,False,False,False,False,False,False,user1315_1157_book_19_24
user1315_1157_book_19_24.jpg5523,user1315_1157_book_19_24.jpg,,,Michelle,Batch 2a training set,,False,True,False,False,False,False,False,False,False,False,False,False,False,user1315_1157_book_19_24
user1356_4794_book_1_5.jpg4225,user1356_4794_book_1_5.jpg,cinco de mouse-0,https://www.google.com/books/edition/Cinco_de_Mouse_o/tjFLEAAAQBAJ?hl=en&gbpv=1&dq=cinco+de+mouse+o&printsec=frontcover,Sabrina,Batch 2b training set,,True,False,False,False,False,False,True,False,False,False,False,False,False,user1356_4794_book_1_5
user1356_4794_book_1_5.jpg4225,user1356_4794_book_1_5.jpg,Cinco de Mouse O!,https://www.google.com/books/edition/Cinco_de_Mouse_o/tjFLEAAAQBAJ?hl=en&gbpv=0,Nicole Stern,Batch 2b training set,,True,False,False,False,False,False,False,False,False,False,False,False,True,user1356_4794_book_1_5
user1374_559_book_3_7.jpg5030,user1374_559_book_3_7.jpg,Shmelf the Hanukkah Elf,https://www.google.com/books/edition/Shmelf_the_Hanukkah_Elf/-QvBDAAAQBAJ?hl=en&gbpv=1&dq=Shmelf+the+Hanukkah+Elf&printsec=frontcover,Emily,Batch 3b training set,,False,False,True,False,False,False,False,False,False,True,False,False,False,user1374_559_book_3_7
user1374_559_book_3_7.jpg5030,user1374_559_book_3_7.jpg,shmelf the hanukkah elf,https://www.google.com/books/edition/Shmelf_the_Hanukkah_Elf/-QvBDAAAQBAJ?hl=en&gbpv=1&dq=shmelf+the+hanukkah+elf&printsec=frontcover,Sabrina,Batch 3b training set,,False,False,True,False,False,False,False,True,False,False,False,False,False,user1374_559_book_3_7
user1378_3671_book_6_6.jpg4938,user1378_3671_book_6_6.jpg,Beauty and the Beast,https://www.google.com/books/edition/Beauty_and_the_Beast/oUP1DQAAQBAJ?hl=en&gbpv=0,Nicole Stern,Batch 5 training set,,False,False,False,True,False,False,False,True,False,False,False,False,False,user1378_3671_book_6_6
user1378_3671_book_6_6.jpg4938,user1378_3671_book_6_6.jpg,,,Sabrina,Batch 5 training set,,False,True,False,False,False,False,False,False,False,False,False,False,False,user1378_3671_book_6_6
user1403_2427_book_3_10.jpg2594,user1403_2427_book_3_10.jpg,,,Stephanie,Batch 3a training set,,False,True,False,False,False,True,False,False,False,False,False,False,False,user1403_2427_book_3_10
user1403_2427_book_3_10.jpg2594,user1403_2427_book_3_10.jpg,brown girl dreaming ,https://www.google.com/books/edition/Brown_Girl_Dreaming/mzxTDQAAQBAJ?hl=en&gbpv=1&dq=brown+girl+dreaming&printsec=frontcover,Michelle,Batch 3a training set,,False,False,False,True,False,False,True,True,False,False,False,False,False,user1403_2427_book_3_10
user1403_2427_book_3_10.jpg2594,user1403_2427_book_3_10.jpg,,,Nicole Stern,Batch 3a training set,,False,True,False,False,False,False,False,False,False,False,False,False,False,user1403_2427_book_3_10
user1403_2427_book_9_16.jpg0,user1403_2427_book_9_16.jpg,Hatchet,https://www.google.com/books/edition/Hatchet/QdX94z_OoukC?hl=en&gbpv=1&dq=hatchet&printsec=frontcover,Emily,Batch 4a training set,,False,False,False,True,False,True,False,False,False,False,False,False,False,user1403_2427_book_9_16
user1403_2427_book_9_16.jpg2669,user1403_2427_book_9_16.jpg,,,Michelle,Batch 4a training set,,False,True,False,False,False,False,False,False,False,False,False,False,False,user1403_2427_book_9_16
user1433_1806_book_5_8.jpg3966,user1433_1806_book_5_8.jpg,,,Sabrina,Batch 3b training set,,False,True,False,False,False,False,False,False,False,False,False,False,False,user1433_1806_book_5_8
user1433_1806_book_5_8.jpg3966,user1433_1806_book_5_8.jpg,Eleanor & Park,https://www.google.com/books/edition/Eleanor_Park/CUgkoAEACAAJ?hl=en,Emily,Batch 3b training set,,True,False,False,False,False,False,False,True,False,False,False,False,False,user1433_1806_book_5_8
user1446_3066_book_15_18.jpg8038,user1446_3066_book_15_18.jpg,Power Forward,https://www.google.com/books/edition/Power_Forward/lsHvDwAAQBAJ?hl=en&gbpv=1&dq=power+forward&printsec=frontcover,Sabrina,Batch 1 training set,,True,False,False,False,False,False,True,False,False,True,False,False,False,user1446_3066_book_15_18
user1446_3066_book_15_18.jpg8038,user1446_3066_book_15_18.jpg,Power Forward: Zayo Saleem Chasing the Dream,https://www.google.com/books/edition/Power_Forward/lsHvDwAAQBAJ?hl=en&gbpv=0,Nicole Stern,Batch 1 training set,,False,False,True,False,False,True,False,False,False,False,False,False,False,user1446_3066_book_15_18
user1446_3066_book_15_18.jpg8038,user1446_3066_book_15_18.jpg,Power Forward,https://www.google.com/books/edition/Power_Forward/lsHvDwAAQBAJ?hl=en&gbpv=1&dq=power+forward&printsec=frontcover,Emily,Batch 1 training set,,True,False,False,False,False,False,True,False,False,False,False,False,False,user1446_3066_book_15_18
user1446_3066_book_3_6.jpg8141,user1446_3066_book_3_6.jpg,Lety Out Loud,https://www.google.com/books/edition/Lety_Out_Loud/28dxtgEACAAJ?hl=en,Emily,Batch 1 training set,,True,False,False,False,False,False,True,True,False,False,False,False,False,user1446_3066_book_3_6
user1446_3066_book_3_6.jpg8141,user1446_3066_book_3_6.jpg,Lety Out Loud,https://www.google.com/books/edition/Lety_Out_Loud/eLdbDwAAQBAJ?hl=en&gbpv=1&dq=Lety+out+loud&printsec=frontcover,Stephanie,Batch 1 training set,,True,False,False,False,False,False,False,True,False,False,False,False,False,user1446_3066_book_3_6
user1454_3071_book_2_9.jpg3949,user1454_3071_book_2_9.jpg,,,Michelle,Batch 2a training set,,False,True,False,False,False,False,False,False,False,False,False,False,False,user1454_3071_book_2_9
user1454_3071_book_2_9.jpg3949,user1454_3071_book_2_9.jpg,Chrysanthemum,https://www.google.com/books/edition/Chrysanthemum_Big_Book/mkCDE2kMppUC?hl=en&gbpv=1&dq=chrysanthemum&printsec=frontcover,Emily,Batch 2a training set,,True,False,False,False,False,False,False,False,False,False,False,False,True,user1454_3071_book_2_9
user1492_1233_book_4_8.jpg4216,user1492_1233_book_4_8.jpg,Night,https://www.google.com/books/edition/Night/8Wx_NAEACAAJ?hl=en,Emily,Batch 1 training set,,True,False,False,False,False,True,False,False,False,False,False,False,False,user1492_1233_book_4_8
user1492_1233_book_4_8.jpg4216,user1492_1233_book_4_8.jpg,night,https://www.google.com/books/edition/Night/mRTCswEACAAJ?hl=en,Michelle,Batch 3a training set,,True,False,False,False,False,False,False,False,False,True,False,False,False,user1492_1233_book_4_8
user1505_3084_book_1_3.jpg3331,user1505_3084_book_1_3.jpg,,,Sabrina,Batch 3b training set,,False,True,False,False,False,False,False,False,False,False,False,False,False,user1505_3084_book_1_3
user1505_3084_book_1_3.jpg3331,user1505_3084_book_1_3.jpg,Warriors #2: Fire and Ice,https://www.google.com/books/edition/Warriors_2_Fire_and_Ice/1nG3oAEACAAJ?hl=en,Emily,Batch 3b training set,,True,False,False,False,False,True,False,False,False,False,False,False,False,user1505_3084_book_1_3
user1552_4366_book_9_11.jpg3547,user1552_4366_book_9_11.jpg,,,Sabrina,Batch 2b training set,,False,True,False,False,False,False,False,False,False,False,False,False,False,user1552_4366_book_9_11
user1552_4366_book_9_11.jpg3547,user1552_4366_book_9_11.jpg,Amelia Bedelia Means Business,https://www.google.com/books/edition/Amelia_Bedelia_Chapter_Book_1_Amelia_Bed/5oA4LgEACAAJ?hl=en,Nicole Stern,Batch 2b training set,,True,False,False,False,False,False,False,True,False,False,False,False,False,user1552_4366_book_9_11
user1573_3095_book_3_2.jpg15917,user1573_3095_book_3_2.jpg,In The Mountains: Level E Leveled book,https://www.google.com/books/edition/In_the_Mountains/9alVzwEACAAJ?hl=en,Nicole Stern,Batch 5 training set,,True,False,False,False,False,True,False,False,False,False,False,False,False,user1573_3095_book_3_2
user1573_3095_book_3_2.jpg15917,user1573_3095_book_3_2.jpg,,,Sabrina,Batch 5 training set,,False,True,False,False,False,False,False,False,False,False,False,False,False,user1573_3095_book_3_2
user1574_3100_book_3_2.jpg8338,user1574_3100_book_3_2.jpg,,,Michelle,Batch 2a training set,,False,True,False,False,False,False,False,False,False,False,False,False,False,user1574_3100_book_3_2
user1574_3100_book_3_2.jpg8338,user1574_3100_book_3_2.jpg,Camping Out,https://www.google.com/books/edition/Camping_Out/D0_yF1-fs7AC?hl=en&gbpv=0&bsq=clifford%20camping,Emily,Batch 2a training set,,False,False,False,True,False,False,False,True,False,False,False,False,False,user1574_3100_book_3_2
user1591_4853_book_2_2.jpg3605,user1591_4853_book_2_2.jpg,,,Sabrina,Batch 5 training set,,False,True,False,False,False,False,False,False,False,False,False,False,False,user1591_4853_book_2_2
user1591_4853_book_2_2.jpg3605,user1591_4853_book_2_2.jpg,The Lorax,https://www.google.com/books/edition/The_Lorax/-6_xAwAAQBAJ?hl=en&gbpv=0,Nicole Stern,Batch 5 training set,,False,False,False,True,False,True,False,False,False,False,False,False,False,user1591_4853_book_2_2
user1633_3119_book_4_8.jpg2091,user1633_3119_book_4_8.jpg,,,Sabrina,Batch 2b training set,,False,True,False,False,False,False,False,False,False,False,False,False,False,user1633_3119_book_4_8
user1633_3119_book_4_8.jpg2091,user1633_3119_book_4_8.jpg,Zero the Hero,https://www.google.com/books/edition/Zero_the_Hero/X55R4-xt4HsC?hl=en&gbpv=0,Nicole Stern,Batch 2b training set,,False,False,False,True,False,True,False,False,False,False,False,False,False,user1633_3119_book_4_8
user1653_2481_book_5_16.jpg4453,user1653_2481_book_5_16.jpg,,,Michelle,Batch 4a training set,,False,True,False,False,False,False,False,False,False,False,False,False,False,user1653_2481_book_5_16
user1653_2481_book_5_16.jpg0,user1653_2481_book_5_16.jpg,"The Violinist's Thumb: And Other Lost Tales of Love, War, and Genius, as Written by Our Genetic Code",https://www.google.com/books/edition/The_Violinist_s_Thumb/E0b2SUbPIo0C?hl=en&gbpv=1&dq=the+violinist%27s+thumb&printsec=frontcover,Emily,Batch 4a training set,,True,False,False,False,False,True,False,False,False,False,False,False,False,user1653_2481_book_5_16
user1693_2494_book_11_21.jpg0,user1693_2494_book_11_21.jpg,See the Reptiles,https://www.google.com/books/edition/See_the_Reptiles/BaHfjwEACAAJ?hl=en,Emily,Batch 4a training set,,True,False,False,False,False,True,False,False,False,False,False,False,False,user1693_2494_book_11_21
user1693_2494_book_11_21.jpg4049,user1693_2494_book_11_21.jpg,,,Michelle,Batch 4a training set,,False,True,False,False,False,False,False,False,False,False,False,False,False,user1693_2494_book_11_21
user1715_4415_book_14_17.jpg1552,user1715_4415_book_14_17.jpg,,,Sabrina,Batch 3b training set,,False,True,False,False,False,False,False,False,False,False,False,False,False,user1715_4415_book_14_17
user1715_4415_book_14_17.jpg1552,user1715_4415_book_14_17.jpg,"The Hobbit Or There and Back Again
",https://www.google.com/books/edition/The_Hobbit_Or_There_and_Back_Again/de0rLwEACAAJ?hl=en,Emily,Batch 3b training set,,True,False,False,False,False,True,False,False,False,False,False,False,False,user1715_4415_book_14_17
user1715_4415_book_17_20.jpg1774,user1715_4415_book_17_20.jpg,Red Queen,https://www.google.com/books/edition/Red_Queen/GEFABAAAQBAJ?hl=en&gbpv=0,Nicole Stern,Batch 4b training set,,True,False,False,False,False,False,False,True,False,False,False,False,False,user1715_4415_book_17_20
user1715_4415_book_17_20.jpg1774,user1715_4415_book_17_20.jpg,,,Sabrina,Batch 4b training set,,False,True,False,False,False,False,False,False,False,False,False,False,False,user1715_4415_book_17_20
user1715_4415_book_8_8.jpg1594,user1715_4415_book_8_8.jpg,,,Michelle,Batch 4a training set,,False,True,False,False,False,False,False,False,False,False,False,False,False,user1715_4415_book_8_8
user1715_4415_book_8_8.jpg0,user1715_4415_book_8_8.jpg,Esperanza Rising,https://www.google.com/books/edition/Esperanza_Rising_Scholastic_Gold/ArbE7JxIc7EC?hl=en&gbpv=1&dq=esperanza+rising&printsec=frontcover,Emily,Batch 4a training set,,True,False,False,False,False,False,True,True,False,False,False,False,False,user1715_4415_book_8_8
user1807_654_book_3_5.jpg3908,user1807_654_book_3_5.jpg,,,Michelle,Batch 4a training set,,False,True,False,False,False,False,False,False,False,False,False,False,False,user1807_654_book_3_5
user1807_654_book_3_5.jpg0,user1807_654_book_3_5.jpg,"I Survived the Battle of Gettysburg, 1863",https://www.google.com/books/edition/I_Survived_the_Battle_of_Gettysburg_1863/092di41uGhYC?hl=en&gbpv=1&dq=inauthor:%22Lauren+Tarshis%22+slavery&printsec=frontcover,Emily,Batch 4a training set,,True,False,False,False,False,False,True,False,False,False,False,False,False,user1807_654_book_3_5
user1820_658_book_1_9.jpg6278,user1820_658_book_1_9.jpg,petit ours brun dit non,https://www.google.com/books/edition/Petit_Ours_Brun_Dit_Non/A4QOmgEACAAJ?hl=en,Michelle,Batch 3a training set,,False,False,False,False,True,True,False,False,False,False,False,False,False,user1820_658_book_1_9
user1820_658_book_1_9.jpg6278,user1820_658_book_1_9.jpg,,,Nicole Stern,Batch 3a training set,,False,False,False,False,True,False,False,False,False,False,False,False,False,user1820_658_book_1_9
user1876_1317_book_9_12.jpg5676,user1876_1317_book_9_12.jpg,Words on Bathroom Walls,https://www.google.com/books/edition/Words_on_Bathroom_Walls/u4kmDwAAQBAJ?hl=en&gbpv=1&dq=words+on+bathroom+walls&printsec=frontcover,Emily,Batch 3b training set,,True,False,False,False,False,True,False,False,False,False,False,False,False,user1876_1317_book_9_12
user1876_1317_book_9_12.jpg5676,user1876_1317_book_9_12.jpg,words on the bathroom walls,https://www.google.com/books/edition/Words_on_Bathroom_Walls/u4kmDwAAQBAJ?hl=en&gbpv=1&dq=words+on+the+bathroom+walls&printsec=frontcover,Sabrina,Batch 3b training set,,True,False,False,False,False,False,True,False,True,False,False,False,False,user1876_1317_book_9_12
user1913_4899_book_2_5.jpg12278,user1913_4899_book_2_5.jpg,Stephanie's Ponytail,https://www.google.com/books/edition/Stephanie_s_Ponytail/vbFQEAAAQBAJ?hl=en&gbpv=0,Nicole Stern,Batch 5 training set,,True,False,False,False,False,False,True,True,False,False,False,False,False,user1913_4899_book_2_5
user1913_4899_book_2_5.jpg12278,user1913_4899_book_2_5.jpg,stephanie's ponytail,https://www.google.com/books/edition/Stephanie_s_Ponytail/vbFQEAAAQBAJ?hl=en&gbpv=1&dq=stephanie%27s+ponytail&printsec=frontcover,Sabrina,Batch 5 training set,,True,False,False,False,False,False,False,True,False,False,False,False,False,user1913_4899_book_2_5
user195_4304_book_15_18.jpg4501,user195_4304_book_15_18.jpg,As fast as words could fly,https://www.google.com/books/edition/As_Fast_as_Words_Could_Fly/h1amMQEACAAJ?hl=en,Emily,Batch 2a training set,,False,False,False,True,False,False,True,False,False,False,False,False,False,user195_4304_book_15_18
user195_4304_book_15_18.jpg4501,user195_4304_book_15_18.jpg,,,Michelle,Batch 2a training set,,False,True,False,False,False,False,False,False,False,False,False,False,False,user195_4304_book_15_18
user1980_3831_book_1_1.jpg5026,user1980_3831_book_1_1.jpg,"Stamped: Racism, Antiracism, and You",https://www.google.com/books/edition/Stamped_Racism_Antiracism_and_You/gRKqDwAAQBAJ?hl=en&gbpv=0,Emily,Batch 1 training set,,True,False,False,False,False,False,True,False,False,False,False,False,False,user1980_3831_book_1_1
user1980_3831_book_1_1.jpg5026,user1980_3831_book_1_1.jpg,"Stamped: Racism, Anti-Racism, And You",https://www.google.com/books/edition/Stamped_Racism_Antiracism_and_You/gRKqDwAAQBAJ?hl=en&gbpv=0,Nicole Stern,Batch 1 training set,,True,False,False,False,False,False,False,False,False,False,False,False,True,user1980_3831_book_1_1
user1980_3831_book_4_4.jpg5196,user1980_3831_book_4_4.jpg,The Henna Wars,https://www.google.com/books/edition/The_Henna_Wars/WYCoDwAAQBAJ?hl=en&gbpv=0,Emily,Batch 1 training set,,False,False,False,True,False,False,True,True,True,False,False,False,False,user1980_3831_book_4_4
user1980_3831_book_4_4.jpg5196,user1980_3831_book_4_4.jpg,The Henna Wars,https://www.google.com/books/edition/The_Henna_Wars/WYCoDwAAQBAJ?hl=en&gbpv=0,Nicole Stern,Batch 1 training set,,False,False,True,False,False,False,True,True,False,False,False,False,False,user1980_3831_book_4_4
user1980_3831_book_4_4.jpg5196,user1980_3831_book_4_4.jpg,The Henna Wars,https://www.google.com/books/edition/The_Henna_Wars/WYCoDwAAQBAJ?hl=en&gbpv=1&dq=the+henna+wars&printsec=frontcover,Sabrina,Batch 1 training set,,False,False,False,True,False,False,True,False,False,False,False,False,False,user1980_3831_book_4_4
user1990_3195_book_2_14.jpg2447,user1990_3195_book_2_14.jpg,The Color Purple,https://www.google.com/books/edition/The_Color_Purple/1W8-c_m-noEC?hl=en&gbpv=0,Nicole Stern,Batch 3a training set,,True,False,False,False,False,True,False,False,False,False,False,False,False,user1990_3195_book_2_14
user1990_3195_book_2_14.jpg2447,user1990_3195_book_2_14.jpg,the color purple,https://www.google.com/books/edition/The_Color_Purple/_lzUlQQv3XAC?hl=en&gbpv=1&dq=purple+color&printsec=frontcover,Michelle,Batch 3a training set,,True,False,False,False,False,False,True,False,False,False,False,False,False,user1990_3195_book_2_14
user2029_708_book_5_4.jpg9387,user2029_708_book_5_4.jpg,Malala: My Story of Standing Up for Girls' Rights ,https://www.google.com/books/edition/Malala/Zjl0DwAAQBAJ?hl=en&gbpv=0,Stephanie,Batch 1 training set,,True,False,False,False,False,False,True,True,False,False,False,False,False,user2029_708_book_5_4
user2029_708_book_5_4.jpg9387,user2029_708_book_5_4.jpg,Malala: my story of standing up for girls' rights,https://www.google.com/books/edition/Malala/Zjl0DwAAQBAJ?hl=en&gbpv=1&dq=malala&printsec=frontcover,Emily,Batch 1 training set,,True,False,False,False,False,False,True,True,False,True,False,False,False,user2029_708_book_5_4
user2083_1972_book_2_6.jpg7306,user2083_1972_book_2_6.jpg,Esperanza,https://www.google.com/books/edition/Esperanza_Rising_Scholastic_Gold/ArbE7JxIc7EC?hl=en&gbpv=0,Stephanie,Batch 1 training set,,False,False,False,True,False,False,False,True,False,False,False,False,True,user2083_1972_book_2_6
user2083_1972_book_2_6.jpg7306,user2083_1972_book_2_6.jpg,Esperanza Rising,https://www.google.com/books/edition/Esperanza_Rising/Ly6KPrawvqIC?hl=en&gbpv=1&dq=esperanza+rising&printsec=frontcover,Emily,Batch 1 training set,,False,False,False,True,False,False,True,True,False,False,False,False,False,user2083_1972_book_2_6
user209_3046_book_4_5.jpg4417,user209_3046_book_4_5.jpg,,,Michelle,Batch 4a training set,,False,True,False,False,False,False,False,False,False,False,False,False,False,user209_3046_book_4_5
user209_3046_book_4_5.jpg0,user209_3046_book_4_5.jpg,We Don't Eat Our Classmates,https://www.google.com/books/edition/We_Don_t_Eat_Our_Classmates/nl5dDwAAQBAJ?hl=en&gbpv=0,Emily,Batch 4a training set,,True,False,False,False,False,True,False,False,False,False,False,False,False,user209_3046_book_4_5
user2103_1362_book_3_4.jpg1224,user2103_1362_book_3_4.jpg,,,Sabrina,Batch 1 training set,,False,True,False,False,False,False,False,False,False,False,False,False,False,user2103_1362_book_3_4
user2103_1362_book_3_4.jpg1224,user2103_1362_book_3_4.jpg,Chrysanthemum,https://www.google.com/books/edition/Chrysanthemum/qhXhAAAAMAAJ?hl=en,Emily,Batch 1 training set,,False,False,False,True,False,False,False,False,False,False,False,False,True,user2103_1362_book_3_4
user2103_1362_book_3_4.jpg1224,user2103_1362_book_3_4.jpg,Chrysanthemum,https://www.google.com/books/edition/Chrysanthemum_Big_Book/mkCDE2kMppUC?hl=en&gbpv=0,Stephanie,Batch 1 training set,,False,False,False,True,False,True,False,False,False,False,False,False,False,user2103_1362_book_3_4
user2103_1363_book_7_9.jpg3670,user2103_1363_book_7_9.jpg,Chrysanthemum,https://www.google.com/books/edition/Chrysanthemum_Big_Book/mkCDE2kMppUC?hl=en&gbpv=0,Nicole Stern,Batch 1 training set,,True,False,False,False,False,True,False,False,False,False,False,False,True,user2103_1363_book_7_9
user2103_1363_book_7_9.jpg3670,user2103_1363_book_7_9.jpg,Chrysanthemum,https://www.google.com/books/edition/Chrysanthemum/qhXhAAAAMAAJ?hl=en,Emily,Batch 1 training set,,False,False,False,True,False,False,False,False,False,False,False,False,True,user2103_1363_book_7_9
user2113_2607_book_1_1.jpg3961,user2113_2607_book_1_1.jpg,Our Class is a Family,https://www.google.com/books/edition/Our_Class_is_a_Family/ipiNzQEACAAJ?hl=en,Emily,Batch 1 training set,,False,False,False,True,False,False,True,True,False,False,False,False,False,user2113_2607_book_1_1
user2113_2607_book_1_1.jpg3961,user2113_2607_book_1_1.jpg,Our Class is a Family,https://www.google.com/books/edition/Our_Class_is_a_Family/ipiNzQEACAAJ?hl=en,Stephanie,Batch 1 training set,,False,False,False,True,False,False,True,False,False,False,False,False,True,user2113_2607_book_1_1
user2133_4504_book_3_2.jpg9335,user2133_4504_book_3_2.jpg,Cloudy with a chance of meatballs,https://www.google.com/books/edition/Cloudy_with_a_Chance_of_Meatballs/HuOgPwAACAAJ?hl=en,Emily,Batch 1 training set,,True,False,False,False,False,True,False,False,False,False,False,False,False,user2133_4504_book_3_2
user2133_4504_book_3_2.jpg9335,user2133_4504_book_3_2.jpg,Cloudy with a Chance of Meatballs,https://www.google.com/books/edition/Cloudy_with_a_Chance_of_Meatballs/HuOgPwAACAAJ?hl=en,Sabrina,Batch 1 training set,Exactly one identifiable selection required.,False,False,False,False,False,False,False,False,False,False,False,False,False,user2133_4504_book_3_2
user2133_4504_book_6_6.jpg8936,user2133_4504_book_6_6.jpg,The Chronicles of Narnia,https://www.google.com/books/edition/The_Chronicles_of_Narnia_adult/ZiYU9NS4QkYC?hl=en&gbpv=1&dq=The+Chronicles+of+Narnia&printsec=frontcover,Sabrina,Batch 1 training set,Exactly one identifiable selection required.,False,False,False,False,False,False,False,False,False,False,False,False,False,user2133_4504_book_6_6
user2133_4504_book_6_6.jpg8936,user2133_4504_book_6_6.jpg,The Chronicles of Narnia,https://www.google.com/books/edition/The_Chronicles_of_Narnia_adult/ZiYU9NS4QkYC?hl=en&gbpv=1&dq=the+chronicles+of+narnia&printsec=frontcover,Emily,Batch 1 training set,,True,False,False,False,False,True,False,False,False,False,False,False,False,user2133_4504_book_6_6
user2152_1987_book_2_8.jpg12393,user2152_1987_book_2_8.jpg,Last Stop on Market Street,https://www.google.com/books/edition/Last_Stop_on_Market_Street/NS3eDAAAQBAJ?hl=en&gbpv=0,Stephanie,Batch 1 training set,,True,False,False,False,False,False,True,False,False,False,False,False,False,user2152_1987_book_2_8
user2152_1987_book_2_8.jpg12393,user2152_1987_book_2_8.jpg,Last stop on market street,https://www.google.com/books/edition/Last_Stop_on_Market_Street/NS3eDAAAQBAJ?hl=en&gbpv=1&dq=last+stop+on+market+street&printsec=frontcover,Emily,Batch 1 training set,,True,False,False,False,False,False,True,True,False,False,False,False,False,user2152_1987_book_2_8
user2156_1995_book_1_1.jpg0,user2156_1995_book_1_1.jpg,"Tar Beach
",https://www.google.com/books/edition/Tar_Beach/S4XwDwAAQBAJ?hl=en&gbpv=1&dq=tar+beach&printsec=frontcover,Emily,Batch 4a training set,,True,False,False,False,False,False,True,True,False,False,False,False,False,user2156_1995_book_1_1
user2156_1995_book_1_1.jpg15529,user2156_1995_book_1_1.jpg,,,Michelle,Batch 4a training set,Exactly one identifiable selection required.,False,False,False,False,False,False,False,False,False,False,False,False,False,user2156_1995_book_1_1
user2156_1995_book_8_9.jpg9857,user2156_1995_book_8_9.jpg,Mixed: A Colorful Story,https://www.google.com/books/edition/Mixed_A_Colorful_Story/yU1LDwAAQBAJ?hl=en&gbpv=0,Stephanie,Batch 1 training set,,True,False,False,False,False,False,False,False,False,False,False,False,True,user2156_1995_book_8_9
user2156_1995_book_8_9.jpg9857,user2156_1995_book_8_9.jpg,mixed: a colorful story,https://www.google.com/books/edition/Mixed_A_Colorful_Story/yU1LDwAAQBAJ?hl=en&gbpv=1&dq=mixed+a+colorful+story&printsec=frontcover,Emily,Batch 1 training set,,True,False,False,False,False,True,False,False,False,False,False,False,False,user2156_1995_book_8_9
user2156_1997_book_8_9.jpg12625,user2156_1997_book_8_9.jpg,art & max,https://www.google.com/books/edition/Art_Max/0XFVvdnjQTgC?hl=en&gbpv=1&dq=art+and+max&printsec=frontcover,Emily,Batch 1 training set,,True,False,False,False,False,True,False,False,False,False,False,False,False,user2156_1997_book_8_9
user2156_1997_book_8_9.jpg12625,user2156_1997_book_8_9.jpg,Art and Max,https://www.google.com/books/edition/Art_Max/0XFVvdnjQTgC?hl=en&gbpv=1&dq=art+and+max&printsec=frontcover,Sabrina,Batch 1 training set,Exactly one identifiable selection required.,False,False,False,False,False,False,False,False,False,False,False,False,False,user2156_1997_book_8_9
user2171_730_book_5_14.jpg2865,user2171_730_book_5_14.jpg,,,Sabrina,Batch 3b training set,,False,True,False,False,False,False,False,False,False,False,False,False,False,user2171_730_book_5_14
user2171_730_book_5_14.jpg2865,user2171_730_book_5_14.jpg,"The Lorax
",https://www.google.com/books/edition/The_Lorax/-6_xAwAAQBAJ?hl=en&gbpv=1&dq=the+lorax&printsec=frontcover,Emily,Batch 3b training set,,False,False,False,True,False,True,False,False,False,False,False,False,False,user2171_730_book_5_14
user2180_23_book_21_21.jpg3683,user2180_23_book_21_21.jpg,Together for Kwanzaa,https://www.google.com/books/edition/Together_for_Kwanzaa/Eqtm7PpHvY8C?hl=en,Nicole Stern,Batch 2b training set,,True,False,False,False,False,False,True,True,False,True,False,False,False,user2180_23_book_21_21
user2180_23_book_21_21.jpg3683,user2180_23_book_21_21.jpg,Together for Kwanza,https://www.google.com/books/edition/Together_for_Kwanzaa/Eqtm7PpHvY8C?hl=en,Stephanie,Batch 2b training set,,False,False,True,False,False,False,True,False,False,True,False,False,False,user2180_23_book_21_21
user2180_23_book_7_8.jpg3815,user2180_23_book_7_8.jpg,Our Favorite Day of the Year,https://www.google.com/books/edition/Our_Favorite_Day_of_the_Year/Hwy2DwAAQBAJ?hl=en&gbpv=1&dq=our+favorite+day&printsec=frontcover,Stephanie,Batch 1 training set,,False,False,False,True,False,False,True,False,False,False,False,False,False,user2180_23_book_7_8
user2180_23_book_7_8.jpg3815,user2180_23_book_7_8.jpg,Our Favorite Day of the Year,https://www.google.com/books/edition/Our_Favorite_Day_of_the_Year/Hwy2DwAAQBAJ?hl=en&gbpv=0,Nicole Stern,Batch 1 training set,,False,False,False,True,False,False,True,True,False,True,False,False,False,user2180_23_book_7_8
user2180_23_book_7_8.jpg3815,user2180_23_book_7_8.jpg,ur favorite day of the year,https://www.google.com/books/edition/Our_Favorite_Day_of_the_Year/Hwy2DwAAQBAJ?hl=en&gbpv=1&dq=our+favorite+day+of+the+year&printsec=frontcover,Emily,Batch 1 training set,,True,False,False,False,False,False,True,True,False,False,False,False,False,user2180_23_book_7_8
user2219_2002_book_2_5.jpg2674,user2219_2002_book_2_5.jpg,,,Sabrina,Batch 1 training set,,False,True,False,False,False,False,False,False,False,False,False,False,False,user2219_2002_book_2_5
user2219_2002_book_2_5.jpg2674,user2219_2002_book_2_5.jpg,"oh, the places you'll go!",https://www.google.com/books/edition/Oh_the_Places_You_ll_Go/1q_xAwAAQBAJ?hl=en&gbpv=1&dq=oh+all+the+places+you%27ll+go&printsec=frontcover,Emily,Batch 1 training set,,True,False,False,False,False,True,False,False,False,False,False,False,False,user2219_2002_book_2_5
user2276_2006_book_14_13.jpg3727,user2276_2006_book_14_13.jpg,my weird school #1 miss daisy ,https://www.google.com/books/edition/My_Weird_School_1_Miss_Daisy_Is_Crazy/6qoAswEACAAJ?hl=en,Michelle,Batch 3a training set,,False,False,True,False,False,False,False,True,False,False,False,False,False,user2276_2006_book_14_13
user2276_2006_book_14_13.jpg3727,user2276_2006_book_14_13.jpg,Miss Daisy is Crazy!,https://www.google.com/books/edition/Miss_Daisy_Is_Crazy/-iJZPwAACAAJ?hl=en,Nicole Stern,Batch 3a training set,,True,False,False,False,False,False,True,True,False,False,False,False,False,user2276_2006_book_14_13
user2276_2006_book_17_16.jpg4298,user2276_2006_book_17_16.jpg,bad case of stripes ,https://books.google.com/books?id=quHACwAAQBAJ&printsec=frontcover&dq=bad+case+of+stripes&hl=en&newbks=1&newbks_redir=0&sa=X&ved=2ahUKEwjv08Xfj8D7AhXqEVkFHc6GA2YQ6AF6BAgJEAI#v=onepage&q=bad%20case%20of%20stripes&f=false,Michelle,Batch 12,,True,False,False,False,False,True,False,False,False,False,False,False,False,user2276_2006_book_17_16
user2276_2006_book_17_16.jpg4298,user2276_2006_book_17_16.jpg,a bad case of stripes,https://www.google.com/books/edition/A_Bad_Case_of_Stripes/quHACwAAQBAJ?hl=en&gbpv=1&dq=stripes&printsec=frontcover,Emily,Batch 1 training set,,True,False,False,False,False,False,False,True,False,False,False,False,False,user2276_2006_book_17_16
user2276_2006_book_17_16.jpg4298,user2276_2006_book_17_16.jpg,A Bad Case of Stripes,https://www.google.com/books/edition/A_Bad_Case_of_Stripes/quHACwAAQBAJ?hl=en&gbpv=1&dq=stripes+book&printsec=frontcover,Sabrina,Batch 1 training set,,True,False,False,False,False,False,True,True,False,False,False,False,False,user2276_2006_book_17_16
user2281_2010_book_3_13.jpg5267,user2281_2010_book_3_13.jpg,the worst day of my life ever,https://www.google.com/books/edition/The_Worst_Day_of_My_Life_Ever/jn9IDwAAQBAJ?hl=en&gbpv=1&dq=worst+day+of+my+life+ever&printsec=frontcover,Michelle,Batch 3a training set,,True,False,False,False,False,False,True,False,False,False,False,False,False,user2281_2010_book_3_13
user2281_2010_book_3_13.jpg5267,user2281_2010_book_3_13.jpg,The Worst Day of My Life Ever!,https://www.google.com/books/edition/The_Worst_Day_of_My_Life_Ever/glxQaiypK7AC?hl=en&gbpv=0,Nicole Stern,Batch 3a training set,,True,False,False,False,False,True,False,False,False,False,False,False,False,user2281_2010_book_3_13
user2281_2010_book_5_15.jpg5167,user2281_2010_book_5_15.jpg,,,Stephanie,Batch 15,,False,True,False,False,False,True,False,False,False,False,False,False,False,user2281_2010_book_5_15
user2281_2010_book_5_15.jpg5167,user2281_2010_book_5_15.jpg,baditude: what to do when life stinks!,https://www.google.com/books/edition/Baditude_What_to_Do_When_Life_Stinks/1H5IDwAAQBAJ?hl=en&gbpv=1&dq=baditude&printsec=frontcover,Emily,Batch 1 training set,,False,False,False,True,False,False,True,False,False,False,False,False,False,user2281_2010_book_5_15
user2281_2658_book_1_0.jpg11030,user2281_2658_book_1_0.jpg,The Dot,https://www.google.com/books/edition/The_Dot/ylh2LQwQ4kgC?hl=en&gbpv=0,Nicole Stern,Batch 3a training set,,True,False,False,False,False,True,False,False,False,False,False,False,False,user2281_2658_book_1_0
user2281_2658_book_1_0.jpg11030,user2281_2658_book_1_0.jpg,the dot ,https://www.google.com/books/edition/The_Dot/GiA-EAAAQBAJ?hl=en&gbpv=1&dq=the+dot&printsec=frontcover,Michelle,Batch 3a training set,,True,False,False,False,False,False,False,True,False,False,False,False,False,user2281_2658_book_1_0
user2317_3912_book_5_7.jpg4475,user2317_3912_book_5_7.jpg,"The Little Mouse, the Red Ripe Strawberry, and the Big Hungry Bear",https://www.google.com/books/edition/The_Little_Mouse_the_Red_Ripe_Strawberry/eZcQPwAACAAJ?hl=en,Nicole Stern,Batch 4b training set,,False,False,False,True,False,False,True,False,False,False,False,False,False,user2317_3912_book_5_7
user2317_3912_book_5_7.jpg4475,user2317_3912_book_5_7.jpg,,,Sabrina,Batch 4b training set,,False,True,False,False,False,False,False,False,False,False,False,False,False,user2317_3912_book_5_7
user2327_3291_book_6_8.jpg3272,user2327_3291_book_6_8.jpg,,https://www.google.com/books/edition/Arnie_the_Doughnut/bmx8DwAAQBAJ?hl=en&gbpv=1&dq=inauthor:%22Laurie+Keller%22&printsec=frontcover,Emily,Batch 3b training set,Title required if Google link is present.,True,False,False,False,False,False,True,True,False,False,False,False,False,user2327_3291_book_6_8
user2327_3291_book_6_8.jpg3272,user2327_3291_book_6_8.jpg,"arnie, the donut",https://www.google.com/books/edition/Arnie_the_Doughnut/9YzusgEACAAJ?hl=en,Sabrina,Batch 3b training set,,True,False,False,False,False,True,False,False,False,False,False,False,False,user2327_3291_book_6_8
user2355_780_book_7_8.jpg2469,user2355_780_book_7_8.jpg,Among The Hidden,https://www.google.com/books/edition/Among_the_Hidden/gSSdNmrNm6wC?hl=en&gbpv=0,Nicole Stern,Batch 2b training set,,False,False,False,True,False,True,False,False,False,False,False,False,False,user2355_780_book_7_8
user2355_780_book_7_8.jpg2469,user2355_780_book_7_8.jpg,,,Sabrina,Batch 2b training set,,False,True,False,False,False,False,False,False,False,False,False,False,False,user2355_780_book_7_8
user2355_780_book_9_10.jpg2685,user2355_780_book_9_10.jpg,"Uglies: Shay's Story
",https://www.google.com/books/edition/Uglies_Shay_s_Story_Graphic_Novel/dbaaPSqJQmIC?hl=en&gbpv=0,Emily,Batch 3b training set,,False,False,False,True,False,False,False,True,False,False,False,False,False,user2355_780_book_9_10
user2355_780_book_9_10.jpg2685,user2355_780_book_9_10.jpg,,,Sabrina,Batch 3b training set,,False,True,False,False,False,False,False,False,False,False,False,False,False,user2355_780_book_9_10
user2440_69_book_5_14.jpg6720,user2440_69_book_5_14.jpg,,,Sabrina,Batch 2b training set,,False,True,False,False,False,False,False,False,False,False,False,False,False,user2440_69_book_5_14
user2440_69_book_5_14.jpg6720,user2440_69_book_5_14.jpg,Too Many Pumpkins,https://www.google.com/books/edition/Too_Many_Pumpkins/UWjBDwAAQBAJ?hl=en&gbpv=0,Nicole Stern,Batch 2b training set,,True,False,False,False,False,True,False,False,False,False,False,False,False,user2440_69_book_5_14
user2470_2073_book_5_14.jpg2310,user2470_2073_book_5_14.jpg,Moon!,Moon! Earth's Best Friend,Nicole Stern,Batch 4b training set,,False,False,False,True,False,False,False,False,False,False,False,False,True,user2470_2073_book_5_14
user2470_2073_book_5_14.jpg2310,user2470_2073_book_5_14.jpg,,,Sabrina,Batch 4b training set,,False,True,False,False,False,False,False,False,False,False,False,False,False,user2470_2073_book_5_14
user2578_3959_book_1_1.jpg11226,user2578_3959_book_1_1.jpg,chato's kitchen,https://www.google.com/books/edition/Chato_s_Kitchen/I17hCwAAQBAJ?hl=en&gbpv=1&dq=chato%27s+kitchen&printsec=frontcover,Sabrina,Batch 5 training set,,False,False,False,False,True,False,True,False,False,False,False,False,True,user2578_3959_book_1_1
user2578_3959_book_1_1.jpg11226,user2578_3959_book_1_1.jpg,Chato's Kitchen,https://www.google.com/books/edition/Chato_s_Kitchen/I17hCwAAQBAJ?hl=en&gbpv=0,Nicole Stern,Batch 5 training set,,True,False,False,False,False,False,False,False,False,False,False,False,True,user2578_3959_book_1_1
user258_3303_book_3_7.jpg5891,user258_3303_book_3_7.jpg,,,Nicole Stern,Batch 5 training set,,False,False,False,False,True,False,False,False,False,False,False,False,False,user258_3303_book_3_7
user258_3303_book_3_7.jpg5891,user258_3303_book_3_7.jpg,L'escargot,https://www.google.com/books/edition/Escargot/lFceDgAAQBAJ?hl=en&gbpv=1&dq=L%27escargot&printsec=frontcover,Sabrina,Batch 5 training set,,False,False,False,False,True,True,False,False,False,False,False,False,False,user258_3303_book_3_7
user264_899_book_3_20.jpg6021,user264_899_book_3_20.jpg,you hold me up,https://www.google.com/books/edition/You_Hold_Me_Up_Gimanaadenim/GrQhEAAAQBAJ?hl=en&gbpv=1&dq=you+hold+me+up&printsec=frontcover,Emily,Batch 3b training set,,True,False,False,False,False,False,True,True,False,False,False,False,False,user264_899_book_3_20
user264_899_book_3_20.jpg6021,user264_899_book_3_20.jpg,,,Sabrina,Batch 3b training set,,False,True,False,False,False,False,False,False,False,False,False,False,False,user264_899_book_3_20
user2650_3345_book_2_8.jpg7219,user2650_3345_book_2_8.jpg,,,Nicole Stern,Batch 3a training set,,False,False,False,False,True,False,False,False,False,False,False,False,False,user2650_3345_book_2_8
user2650_3345_book_2_8.jpg7219,user2650_3345_book_2_8.jpg,une petite graine ,https://www.google.com/books/edition/Une_si_petite_graine/TuvLPQAACAAJ?hl=en,Michelle,Batch 3a training set,,False,False,False,False,True,True,False,False,False,False,False,False,False,user2650_3345_book_2_8
user2723_3991_book_3_4.jpg6474,user2723_3991_book_3_4.jpg,Give Me Half!,https://www.google.com/books/edition/Give_Me_Half/G2nFVs6tCWgC?hl=en&gbpv=0,Nicole Stern,Batch 2b training set,,True,False,False,False,False,False,False,True,False,False,False,False,False,user2723_3991_book_3_4
user2723_3991_book_3_4.jpg6474,user2723_3991_book_3_4.jpg,give me half,https://www.google.com/books/edition/Give_Me_Half/G2nFVs6tCWgC?hl=en&gbpv=1&dq=give+me+half&printsec=frontcover,Sabrina,Batch 2b training set,Exactly one identifiable selection required.,False,False,False,False,False,True,False,False,False,False,False,False,False,user2723_3991_book_3_4
user2780_3396_book_1_5.jpg6341,user2780_3396_book_1_5.jpg,,,Michelle,Batch 4a training set,,False,True,False,False,False,False,False,False,False,False,False,False,False,user2780_3396_book_1_5
user2780_3396_book_1_5.jpg0,user2780_3396_book_1_5.jpg,Hooray for Fly Guy!,https://www.google.com/books/edition/Hooray_for_Fly_Guy/L7j6nQEACAAJ?hl=en,Emily,Batch 4a training set,,True,False,False,False,False,True,False,False,False,False,False,False,False,user2780_3396_book_1_5
user2790_4659_book_1_3.jpg11820,user2790_4659_book_1_3.jpg,Dr. Brad has Gone Mad,https://www.google.com/books/edition/My_Weird_School_Daze_7_Dr_Brad_Has_Gone/0sGbnCSFE68C?hl=en&gbpv=1&dq=Dr.+Brad+has+Gone+Mad&printsec=frontcover,Sabrina,Batch 4b training set,,True,False,False,False,False,False,False,True,False,False,False,False,False,user2790_4659_book_1_3
user2790_4659_book_1_3.jpg11820,user2790_4659_book_1_3.jpg,Dr. Brad Has Gone Mad!,https://www.google.com/books/edition/My_Weird_School_Daze_7_Dr_Brad_Has_Gone/0sGbnCSFE68C?hl=en&gbpv=0,Nicole Stern,Batch 4b training set,,True,False,False,False,False,False,True,True,False,False,False,False,False,user2790_4659_book_1_3
user2792_2766_book_1_0.jpg5662,user2792_2766_book_1_0.jpg,,,Michelle,Batch 2a training set,,False,True,False,False,False,False,False,False,False,False,False,False,False,user2792_2766_book_1_0
user2792_2766_book_1_0.jpg5662,user2792_2766_book_1_0.jpg,Nowhere on Earth,https://www.google.com/books/edition/_/CwJlDwAAQBAJ?hl=en&sa=X&ved=2ahUKEwjH-vvkj8f6AhXbMVkFHbagDwIQre8FegQIAxAh,Emily,Batch 2a training set,,True,False,False,False,False,True,False,False,False,False,False,False,False,user2792_2766_book_1_0
user2795_3407_book_5_12.jpg3666,user2795_3407_book_5_12.jpg,the rainbow fish,https://www.google.com/books/edition/The_Rainbow_Fish/td0nDwAAQBAJ?hl=en&gbpv=1&dq=the+rainbow+fish&printsec=frontcover,Sabrina,Batch 2b training set,At least one diversity selection required.,False,False,True,False,False,False,False,False,False,False,False,False,False,user2795_3407_book_5_12
user2795_3407_book_5_12.jpg3666,user2795_3407_book_5_12.jpg,The Rainbow Fish,https://www.google.com/books/edition/The_Rainbow_Fish/td0nDwAAQBAJ?hl=en&gbpv=0,Nicole Stern,Batch 2b training set,,True,False,False,False,False,True,False,False,False,False,False,False,False,user2795_3407_book_5_12
user2801_4006_book_5_5.jpg3431,user2801_4006_book_5_5.jpg,judy blume yellow tale of a fourth grade nothing,https://www.google.com/books/edition/Tales_of_a_Fourth_Grade_Nothing/7haMHqQbU0wC?hl=en&gbpv=1&dq=judy+blume+yellow+tale+of+a+fourth+grade+nothing&printsec=frontcover,Sabrina,Batch 2b training set,,False,False,False,True,False,True,False,True,False,False,False,False,False,user2801_4006_book_5_5
user2801_4006_book_5_5.jpg3431,user2801_4006_book_5_5.jpg,Tales of a Fourth Grade Nothing,https://www.google.com/books/edition/Tales_of_a_Fourth_Grade_Nothing/7haMHqQbU0wC?hl=en&gbpv=0,Nicole Stern,Batch 2b training set,,False,False,False,True,False,True,False,False,False,False,False,False,False,user2801_4006_book_5_5
user2906_142_book_2_5.jpg5294,user2906_142_book_2_5.jpg,when sadness comes to call ,https://www.google.com/books/edition/When_Sadness_Comes_to_Call/qewYxAEACAAJ?hl=en,Michelle,Batch 3a training set,,True,False,False,False,False,False,False,True,False,False,False,False,False,user2906_142_book_2_5
user2906_142_book_2_5.jpg5294,user2906_142_book_2_5.jpg,When Sadness Comes to Call,https://www.google.com/books/edition/When_Sadness_Comes_to_Call/qewYxAEACAAJ?hl=en,Nicole Stern,Batch 3a training set,,True,False,False,False,False,True,False,False,False,False,False,False,False,user2906_142_book_2_5
user2949_150_book_11_13.jpg3445,user2949_150_book_11_13.jpg,,,Sabrina,Batch 3b training set,,False,True,False,False,False,False,False,False,False,False,False,False,False,user2949_150_book_11_13
user2949_150_book_11_13.jpg3445,user2949_150_book_11_13.jpg,Jingle Bell Pups,https://www.google.com/books/edition/Jingle_Bell_Pups/z2_pwAEACAAJ?hl=en,Emily,Batch 3b training set,,False,False,True,False,False,True,False,False,False,False,False,False,False,user2949_150_book_11_13
user2949_150_book_26_28.jpg3012,user2949_150_book_26_28.jpg,"Happy Holidays, Pirates",https://www.google.com/books/edition/Happy_Holidays_Pirates/vDY2swEACAAJ?hl=en,Nicole Stern,Batch 5 training set,,True,False,False,False,False,True,False,False,False,False,False,False,False,user2949_150_book_26_28
user2949_150_book_26_28.jpg3012,user2949_150_book_26_28.jpg,,,Sabrina,Batch 5 training set,,False,False,False,False,True,False,False,False,False,False,False,False,False,user2949_150_book_26_28
user2958_156_book_3_2.jpg3486,user2958_156_book_3_2.jpg,,,Sabrina,Batch 5 training set,,False,True,False,False,False,False,False,False,False,False,False,False,False,user2958_156_book_3_2
user2958_156_book_3_2.jpg3486,user2958_156_book_3_2.jpg,I See and See,https://www.google.com/books/edition/I_See_and_See/YH3RDwAAQBAJ?hl=en&gbpv=0,Nicole Stern,Batch 5 training set,,True,False,False,False,False,False,True,False,False,False,False,False,False,user2958_156_book_3_2
user2971_162_book_10_9.jpg10924,user2971_162_book_10_9.jpg,que tal si?,https://www.google.com/books/edition/Qu_Tal_Si/nPEOrgEACAAJ?hl=en,Sabrina,Batch 5 training set,,False,False,False,False,True,False,True,False,False,False,False,False,False,user2971_162_book_10_9
user2971_162_book_10_9.jpg10924,user2971_162_book_10_9.jpg,,,Nicole Stern,Batch 5 training set,,False,False,False,False,True,False,False,False,False,False,False,False,False,user2971_162_book_10_9
user2971_162_book_6_5.jpg10615,user2971_162_book_6_5.jpg,,,Nicole Stern,Batch 4b training set,,False,False,False,False,True,False,False,False,False,False,False,False,False,user2971_162_book_6_5
user2971_162_book_6_5.jpg10615,user2971_162_book_6_5.jpg,ramon preocupon,https://www.google.com/books/edition/Ramon_Preocupon/wqxdAQAACAAJ?hl=en,Sabrina,Batch 4b training set,,False,False,False,False,True,False,True,False,False,False,False,False,False,user2971_162_book_6_5
user306_4692_book_1_5.jpg4996,user306_4692_book_1_5.jpg,The Way of Kings,https://www.google.com/books/edition/The_Way_of_Kings/LN_a49HEpmwC?hl=en&gbpv=0,Nicole Stern,Batch 2b training set,,False,False,False,True,False,True,False,False,False,False,False,False,False,user306_4692_book_1_5
user306_4692_book_1_5.jpg4996,user306_4692_book_1_5.jpg,,,Sabrina,Batch 2b training set,,False,True,False,False,False,False,False,False,False,False,False,False,False,user306_4692_book_1_5
user327_4079_book_5_12.jpg3299,user327_4079_book_5_12.jpg,,,Michelle,Batch 2a training set,,False,True,False,False,False,False,False,False,False,False,False,False,False,user327_4079_book_5_12
user327_4079_book_5_12.jpg3299,user327_4079_book_5_12.jpg,All about leaves,https://www.google.com/books/edition/All_About_Leaves/jbOoDwAAQBAJ?hl=en&gbpv=1&dq=all+about+leaves&printsec=frontcover,Emily,Batch 2a training set,,False,False,False,True,False,True,False,False,False,False,False,False,False,user327_4079_book_5_12
user420_2961_book_5_9.jpg2035,user420_2961_book_5_9.jpg,,,Sabrina,Batch 3b training set,,False,True,False,False,False,False,False,False,False,False,False,False,False,user420_2961_book_5_9
user420_2961_book_5_9.jpg2035,user420_2961_book_5_9.jpg,Fish in a tree,https://www.google.com/books/edition/Fish_in_a_Tree/5ps8DgAAQBAJ?hl=en&gbpv=1&dq=free+in+a+tree&printsec=frontcover,Emily,Batch 3b training set,,False,False,False,True,False,True,False,False,False,False,False,False,False,user420_2961_book_5_9
user42_4681_book_10_13.jpg1784,user42_4681_book_10_13.jpg,The Crossover,https://www.google.com/books/edition/The_Crossover/QvnuAgAAQBAJ?hl=en&gbpv=0,Nicole Stern,Batch 4b training set,,False,False,True,False,False,False,True,False,False,False,False,False,False,user42_4681_book_10_13
user42_4681_book_10_13.jpg1784,user42_4681_book_10_13.jpg,,,Sabrina,Batch 4b training set,,False,True,False,False,False,False,False,False,False,False,False,False,False,user42_4681_book_10_13
user42_4681_book_12_15.jpg1521,user42_4681_book_12_15.jpg,,,Michelle,Batch 2a training set,,False,True,False,False,False,False,False,False,False,False,False,False,False,user42_4681_book_12_15
user42_4681_book_12_15.jpg1521,user42_4681_book_12_15.jpg,The Iron Trial: Magisterium,"https://www.google.com/books/edition/The_Iron_Trial_Magisterium_1/o8Y5AwAAQBAJ?hl=en&gbpv=1&dq=The+Iron+Trial:+Magisterium,+Book+1&printsec=frontcover",Emily,Batch 2a training set,,False,False,True,False,False,False,True,True,False,False,False,False,False,user42_4681_book_12_15
user513_529_book_11_36.jpg1334,user513_529_book_11_36.jpg,,,Michelle,Batch 4a training set,,False,True,False,False,False,False,False,False,False,False,False,False,False,user513_529_book_11_36
user513_529_book_11_36.jpg0,user513_529_book_11_36.jpg,Catching Fire,https://www.google.com/books/edition/Catching_Fire/LrdrngEACAAJ?hl=en,Emily,Batch 4a training set,,False,False,False,True,False,True,False,False,False,False,False,False,False,user513_529_book_11_36
user513_529_book_12_37.jpg1282,user513_529_book_12_37.jpg,Mockingjay,https://www.google.com/books/edition/Mockingjay_Hunger_Games_Book_Three/Iw_gHtk4ghYC?hl=en&gbpv=0,Emily,Batch 2a training set,,False,False,False,True,False,True,False,False,False,False,False,False,False,user513_529_book_12_37
user513_529_book_12_37.jpg1282,user513_529_book_12_37.jpg,,,Michelle,Batch 2a training set,,False,True,False,False,False,False,False,False,False,False,False,False,False,user513_529_book_12_37
user56_1597_book_4_6.jpg3252,user56_1597_book_4_6.jpg,Romeo and Juliet,https://www.google.com/books/edition/Romeo_Juliet/iu4LmAEACAAJ?hl=en,Sabrina,Batch 2b training set,,False,True,False,False,False,False,False,False,False,False,False,False,False,user56_1597_book_4_6
user56_1597_book_4_6.jpg3252,user56_1597_book_4_6.jpg,Romeo & Juliet,https://www.google.com/books/edition/Romeo_Juliet/iu4LmAEACAAJ?hl=en,Nicole Stern,Batch 2b training set,,True,False,False,False,False,True,False,False,False,False,False,False,False,user56_1597_book_4_6
user590_4834_book_2_1.jpg6199,user590_4834_book_2_1.jpg,,,Michelle,Batch 2a training set,,False,True,False,False,False,False,False,False,False,False,False,False,False,user590_4834_book_2_1
user590_4834_book_2_1.jpg6199,user590_4834_book_2_1.jpg,A stranger at home,https://www.google.com/books/edition/A_Stranger_At_Home/WrJQEAAAQBAJ?hl=en&gbpv=1&dq=the+stranger+at+home&printsec=frontcover,Emily,Batch 2a training set,,False,False,False,True,False,False,True,True,False,False,False,False,False,user590_4834_book_2_1
user593_2429_book_6_8.jpg1488,user593_2429_book_6_8.jpg,,,Michelle,Batch 4a training set,,False,True,False,False,False,False,False,False,False,False,False,False,False,user593_2429_book_6_8
user593_2429_book_6_8.jpg0,user593_2429_book_6_8.jpg,"The OK Book
",https://www.google.com/books/edition/The_OK_Book/RZQLdlTQa_kC?hl=en&gbpv=1&dq=im+ok&printsec=frontcover,Emily,Batch 4a training set,,True,False,False,False,False,True,False,False,False,False,False,False,False,user593_2429_book_6_8
user60_3481_book_1_2.jpg6065,user60_3481_book_1_2.jpg,Malala Yousafzai: Education Activist,https://www.google.com/books/edition/Malala_Yousafzai_Education_Activist/5wLQBQAAQBAJ?hl=en&gbpv=0,Nicole Stern,Batch 2b training set,,True,False,False,False,False,False,True,True,False,True,False,False,False,user60_3481_book_1_2
user60_3481_book_1_2.jpg6065,user60_3481_book_1_2.jpg,Malala Yousafzai: Education Activist,https://www.google.com/books/edition/Malala_Yousafzai_Education_Activist/5wLQBQAAQBAJ?hl=en&gbpv=1&dq=malala+yousafzai+education+activist&printsec=frontcover,Stephanie,Batch 2b training set,,False,False,True,False,False,False,False,True,False,True,False,False,False,user60_3481_book_1_2
user781_2214_book_7_9.jpg2474,user781_2214_book_7_9.jpg,,,Sabrina,Batch 3b training set,,False,True,False,False,False,False,False,False,False,False,False,False,False,user781_2214_book_7_9
user781_2214_book_7_9.jpg2474,user781_2214_book_7_9.jpg,The Princess in Black and the Perfect Princess Party,https://www.google.com/books/edition/The_Princess_in_Black_and_the_Perfect_Pr/tg8lDwAAQBAJ?hl=en&gbpv=1&dq=the+princess+in+black+and+the+perfect&printsec=frontcover,Emily,Batch 3b training set,,False,False,True,False,False,False,False,True,False,False,False,False,False,user781_2214_book_7_9
user837_2836_book_1_7.jpg2722,user837_2836_book_1_7.jpg,,,Sabrina,Batch 5 training set,,False,True,False,False,False,False,False,False,False,False,False,False,False,user837_2836_book_1_7
user837_2836_book_1_7.jpg2722,user837_2836_book_1_7.jpg,"Ditch That Textbook
Free Your Teaching and Revolutionize Your Classroom",https://www.google.com/books/edition/Ditch_That_Textbook/XfCHswEACAAJ?hl=en,Nicole Stern,Batch 5 training set,,True,False,False,False,False,True,False,False,False,False,False,False,False,user837_2836_book_1_7
user838_3499_book_3_2.jpg11316,user838_3499_book_3_2.jpg,The Sisters Grimm: The Fairy-Tale Detectives,https://www.google.com/books/edition/The_Fairy_Tale_Detectives_The_Sisters_Gr/D_jBDgAAQBAJ?hl=en&gbpv=0,Nicole Stern,Batch 3a training set,,True,False,False,False,False,False,False,True,False,False,False,False,False,user838_3499_book_3_2
user838_3499_book_3_2.jpg11316,user838_3499_book_3_2.jpg,sister's grimm,https://www.google.com/books/edition/The_Fairy_Tale_Detectives_The_Sisters_Gr/D_jBDgAAQBAJ?hl=en&gbpv=1&dq=sisters+grimm&printsec=frontcover,Michelle,Batch 3a training set,,True,False,False,False,False,True,False,False,False,False,False,False,False,user838_3499_book_3_2
user869_1026_book_6_9.jpg7322,user869_1026_book_6_9.jpg,,,Sabrina,Batch 5 training set,,False,True,False,False,False,False,False,False,False,False,False,False,False,user869_1026_book_6_9
user869_1026_book_6_9.jpg7322,user869_1026_book_6_9.jpg,Gloria Who Might Be My Best Friend From The Stories That Julian Tells,https://www.google.com/books/edition/The_Stories_Julian_Tells/y4NvD_LiB4YC?hl=en&gbpv=0,Nicole Stern,Batch 5 training set,,False,False,True,False,False,False,True,True,False,False,False,False,False,user869_1026_book_6_9
user945_2269_book_6_7.jpg4882,user945_2269_book_6_7.jpg,Cinder,https://www.google.com/books/edition/Cinder/KGFJgOW-jRAC?hl=en&gbpv=1&dq=cinder&printsec=frontcover,Sabrina,Batch 2b training set,,True,False,False,False,False,True,False,False,False,False,False,False,False,user945_2269_book_6_7
user945_2269_book_6_7.jpg4882,user945_2269_book_6_7.jpg,Cinder,https://www.google.com/books/edition/Cinder/KGFJgOW-jRAC?hl=en&gbpv=0,Nicole Stern,Batch 2b training set,,True,False,False,False,False,False,False,True,False,False,False,False,False,user945_2269_book_6_7
user945_2269_book_6_7.jpg4882,user945_2269_book_6_7.jpg,Cinder ,https://www.google.com/books/edition/Cinder/KGFJgOW-jRAC?hl=en&gbpv=0,Stephanie,Batch 2b training set,,True,False,False,False,False,False,False,False,False,False,False,False,True,user945_2269_book_6_7
user964_4113_book_7_11.jpg10200,user964_4113_book_7_11.jpg,,,Michelle,Batch 4a training set,,False,True,False,False,False,False,False,False,False,False,False,False,False,user964_4113_book_7_11
user964_4113_book_7_11.jpg0,user964_4113_book_7_11.jpg,The Day the Crayons Came Home,https://www.google.com/books/edition/The_Day_the_Crayons_Came_Home/Ywm5BAAAQBAJ?hl=en&gbpv=0&kptab=editions,Emily,Batch 4a training set,,True,False,False,False,False,True,False,False,False,False,False,False,False,user964_4113_book_7_11
